시설번호,시설명,호선,역코드,역명,역번호,기준일자,관리번호,출입구내외부,지상지하,인접출입구번호,상세위치,화장실정보,역층,휠체어이용가능
1806455,건축)대합실화장실-동묘앞(1) B1,1호선,159,동묘앞,127,20240701,,외부,지하,3,지하1층 3번 출입구 부근,"일반(남,여) / 교통약자(남,여)",B1,Y
1806457,건축)대합실화장실-종각 종로3가측,1호선,152,종각,131,20240701,,외부,지하,3,지하1층 (다)개집표기 부근(종로3가측),"일반(남,여) / 교통약자(남,여)",B1,Y
1806458,건축)대합실화장실-종로3가(1) 내부,1호선,153,종로3가,130,20240701,,내부,지하,11,지하1층 (라)개집표기 내부(고객안전실앞),"일반(남,여) / 교통약자(남,여,공용)",B1,Y
1806456,건축)승강장화장실-동묘앞(1) B1,1호선,159,동묘앞,127,20240701,,외부,지하,2,하선승강장 7-3지점,"일반(남,여) / 교통약자(남,여)",B1,Y
1741946,건축)승강장화장실-동묘앞(1),1호선,159,동묘앞,127,20210527,,내부,지상,3,상선승강장 4-3지점,"일반(남,여) / 교통약자(남,여)",1,Y
1740565,건축)대합실화장실-청량리(1),1호선,158,청량리,124,20210527,,외부,지하,4,4번 출입구 아래,"일반(남,여) / 교통약자(남,여,공용)",B1,N
1740566,건축)대합실화장실-제기동,1호선,157,제기동,125,20210527,,외부,지하,2,2번 출입구 우측,"일반(남,여) / 교통약자(남,여)",B1,N
1740567,건축)대합실화장실-신설동(1),1호선,156,신설동,126,20210527,,외부,지하,1,대합실(지하1층) 고객안전실 앞,"일반(남,여) / 교통약자(남,여)",B1,Y
1740568,건축)대합실화장실-동묘앞(1),1호선,159,동묘앞,127,20210527,,외부,지상,2,1층 고객안전실 부근,"일반(남,여) / 교통약자(남,여)",1,Y
1740569,건축)대합실화장실-동대문(1),1호선,155,동대문,128,20210527,,외부,지하,4,지하1층 4번 출입구 부근,"일반(남,여) / 교통약자(남,여)",B1,Y
1740570,건축)대합실화장실-종로5가,1호선,154,종로5가,129,20210527,,외부,지하,8,지하1층 지하상가 연결통로앞,"일반(남,여) / 교통약자(남,여)",B1,Y
1740571,건축)대합실화장실-종로3가(1),1호선,153,종로3가,130,20210527,,외부,지하,1,지하1층 (가)개집표기 부근,"일반(남,여) / 교통약자(남,여)",B1,Y
1740572,건축)대합실화장실-종각,1호선,152,종각,131,20210527,,외부,지하,1,"지하1층 (가)개집표기 부근 (연결통로 부근, 시청측)","일반(남,여) / 교통약자(남,여)",B1,Y
1740573,건축)대합실화장실-시청(1),1호선,151,시청,132,20210527,,외부,지하,5,지하1층 5번 출입구 부근,"일반(남,여) / 교통약자(남,여)",B1,Y
1740574,건축)대합실화장실-서울역(1),1호선,150,서울역,133,20210527,,외부,지하,2,지하1층 2번 출입구 부근,"일반(남,여) / 교통약자(남,여)",B1,Y
1740578,건축)대합실화장실-을지로4가(2),2호선,204,을지로4가,204,20210527,,외부,지하,2,"지하1층 1,2번 출입구 옆","일반(남,여) / 교통약자(남,여)",B1,Y
1740579,건축)대합실화장실-동대문역사문화공원(2),2호선,205,동대문역사문화공원,205,20210527,,내부,지하,1,대합실 1층 고객안전실 앞,"일반(남,여) / 교통약자(남,여)",B1,Y
1740580,건축)대합실화장실-신당(2),2호선,206,신당,206,20210527,,외부,지하,2,"대합실 1층 22,23번기둥","일반(남,여) / 교통약자(남,여)",B1,Y
1740581,건축)대합실화장실-상왕십리,2호선,207,상왕십리,207,20210527,,외부,지하,4,"대합실 1층 5,6번 출입구 앞","일반(남,여) / 교통약자(남,여)",B1,Y
1740582,건축)대합실화장실-왕십리(2),2호선,208,왕십리,208,20210527,,외부,지하,6-1,지하1층 6-1번 출입구 쪽,"일반(남,여) / 교통약자(남,여)",B2,Y
1740583,건축)대합실화장실-한양대,2호선,209,한양대,209,20210527,,외부,지상,2,고객안전실 맞은편,"일반(남,여) / 교통약자(남,여)",2,Y
1740584,건축)대합실화장실-뚝섬,2호선,210,뚝섬,210,20210527,,외부,지상,6,고객안전실 옆,"일반(남,여) / 교통약자(남,여)",2,Y
1740585,건축)대합실화장실-성수,2호선,211,성수,211,20210527,,외부,지상,2,대합실 2층 2번 출입구측,"일반(남,여) / 교통약자(남,여)",2,Y
1740586,건축)대합실화장실-용답,2호선,244,용답,211-1,20210527,,외부,지상,1,대합실,"일반(남,여) / 교통약자(남,여)",1,Y
1740587,건축)대합실화장실-신답,2호선,245,신답,211-2,20210527,,내부,지상,1,1층 대합실,"일반(남,여) / 교통약자(남,여)",1,Y
1740588,건축)대합실화장실-용두,2호선,250,용두,211-3,20210527,,외부,지하,5,(내선대합실)5번 출입구 입구,"일반(남,여) / 교통약자(남,여)",B1,Y
1740589,건축)대합실화장실-신설동(2),2호선,246,신설동,211-4,20210527,,내부,지하,7,대합실(지하1층) 고객안전실 옆,"일반(남,여) / 교통약자(남,여,공용)",B1,Y
1740590,건축)대합실화장실-건대입구(2),2호선,212,건대입구,212,20210527,,내부,지상,2,대합실 2층 통로 중앙,"일반(남,여) / 교통약자(남,여)",2,Y
1740591,건축)대합실화장실-구의,2호선,213,구의,213,20210527,,외부,지상,2,대합실 2층 통로 중앙,"일반(남,여) / 교통약자(남,여)",2,Y
1740592,건축)대합실화장실-강변,2호선,214,강변,214,20210527,,외부,지상,2,대합실 1층 통로 중앙,"일반(남,여) / 교통약자(남,여)",1,Y
1740593,건축)대합실화장실-잠실나루,2호선,215,잠실나루,215,20210527,,외부,지상,2,대합실 1층 통로 중앙,"일반(남,여) / 교통약자(남,여)",1,Y
1740594,건축)대합실화장실-잠실(2),2호선,216,잠실,216,20210527,,외부,지하,1,"대합실 1층 1,2번 출입구 앞","일반(남,여) / 교통약자(남,여)",B1,Y
1740595,건축)대합실화장실-잠실새내,2호선,217,잠실새내,217,20210527,,외부,지하,2,대합실 1층 2번 출입구 앞,"일반(남,여) / 교통약자(남,여)",B1,Y
1740596,건축)대합실화장실-종합운동장,2호선,218,종합운동장,218,20210527,,외부,지하,1,"대합실 1층 1,2번 출입구 앞 (잠실새내측)","일반(남,여) / 교통약자(남,여)",B1,Y
1740597,건축)대합실화장실-삼성,2호선,219,삼성,219,20210527,,외부,지하,3,대합실 1층 통로 중앙,"일반(남,여) / 교통약자(남,여)",B1,Y
1740598,건축)대합실화장실-선릉,2호선,220,선릉,220,20210527,,외부,지하,1,대합실 1층 1번 출입구 앞,"일반(남,여) / 교통약자(남,여)",B1,Y
1740599,건축)대합실화장실-역삼,2호선,221,역삼,221,20210527,,외부,지하,3,대합실 2층 통로 중앙,"일반(남,여) / 교통약자(남,여)",B2,Y
1740600,건축)대합실화장실-강남,2호선,222,강남,222,20210527,,내부,지하,"1,12","1층 고객안전실(1,12번 출입구),개집표기 내부","일반(남,여) / 교통약자(남,여)",B1,Y
1740601,건축)대합실화장실-교대(2),2호선,223,교대,223,20210527,,외부,지하,4,"대합실 1층 1,2,3,4,번 출입구 쪽","일반(남,여) / 교통약자(남,여)",B1,Y
1740602,건축)대합실화장실-서초,2호선,224,서초,224,20210527,,외부,지하,1,"교대방면 대합실(1,2,7,8번 출입구),개집표기 외부","일반(남,여) / 교통약자(남,여)",B1,Y
1740603,건축)대합실화장실-방배,2호선,225,방배,225,20210527,,외부,지하,4,"서초방면 대합실 끝(1,4번 출입구방향),개집표기 외부","일반(남,여) / 교통약자(남,여)",B1,Y
1740604,건축)대합실화장실-사당(2),2호선,226,사당,226,20210527,,외부,지하,1,"지하1층 대합실 1,2번 출입구 쪽(방배측)","일반(남,여) / 교통약자(남,여,공용)",B1,Y
1740605,건축)대합실화장실-낙성대,2호선,227,낙성대,227,20210527,,외부,지하,5,"대합실 1층 고객안내부스앞(3,4,5,6번 출입구쪽)","일반(남,여) / 교통약자(남,여)",B1,Y
1740606,건축)대합실화장실-서울대입구,2호선,228,서울대입구,228,20210527,,외부,지하,8,"대합실 1층 (7,8번 출입구쪽)","일반(남,여) / 교통약자(남,여)",B1,Y
1740607,건축)대합실화장실-봉천,2호선,229,봉천,229,20210527,,외부,지하,2,"B1 아이센터 맞은편(1,6번 출입구)개집표기 외부","일반(남,여) / 교통약자(남,여)",B1,Y
1740608,건축)대합실화장실-신림,2호선,230,신림,230,20210527,,외부,지하,4,"B1 고객안전실 맞은편(3,4번 출입구),개집표기 외부","일반(남,여) / 교통약자(남,여)",B1,Y
1740609,건축)대합실화장실-신대방,2호선,231,신대방,231,20210527,,내부,지상,"1,4","2층 고객안전실(1,4번 출입구),개집표기 내부","일반(남,여) / 교통약자(남,여)",2,Y
1740610,건축)대합실화장실-구로디지털단지,2호선,232,구로디지털단지,232,20210527,,내부,지상,1,"지상2층, 고객안전실 앞 (개집표기 내부)","일반(남,여) / 교통약자(남,여)",2,Y
1740611,건축)대합실화장실-대림(2),2호선,233,대림,233,20210527,,내부,지상,"3,4,5,6","지상2층, 대합실 중앙(개집표기 내부)","일반(남,여) / 교통약자(남,여)",2,Y
1740612,건축)대합실화장실-신도림(2),2호선,234,신도림,234,20210527,,내부,지하,1,"지하1층 대합실 (개집표기 내부, 1번 출입구방향)","일반(남,여) / 교통약자(남,여)",B1,Y
1806459,건축)대합실화장실-사당(2) 낙성대측,2호선,226,사당,226,20240701,,외부,지하,7,"지하1층 대합실 7,8번 출입구 쪽(낙성대측)","일반(남,여) / 교통약자(남,여)",B1,Y
1740613,건축)대합실화장실-도림천,2호선,247,도림천,234-1,20210527,,외부,지상,1,"지상1층, 고객안전실 옆(개집표기 외부)","일반(남,여) / 교통약자(남,여)",1,N
1806460,건축)대합실화장실-시청(2) 환승통로,2호선,201,시청,201,20240701,,외부,지하,11,지하2층 환승통로,"일반(남,여) / 교통약자(남,여)",B2,Y
1740614,건축)대합실화장실-양천구청,2호선,248,양천구청,234-2,20210527,,내부,지하,1,"B1 대합실(개집표기 내부,신정자량사업소출입구 옆)","일반(남,여) / 교통약자(남,여)",B1,Y
1806461,건축)대합실화장실-신도림(2) 외부,2호선,234,신도림,234,20240701,,외부,지하,1,"지하1층 대합실(개집표기 외부,1번 출입구방향)","일반(남,여) / 교통약자(남,여)",B1,Y
1740615,건축)대합실화장실-신정네거리,2호선,249,신정네거리,234-3,20210527,,외부,지하,3,"B1 대합실(개집표기 외부, 2번, 3번 출입구방향)","일반(남,여) / 교통약자(남,여)",B1,N
1806462,"건축)대합실화장실-용두 #1,2출구",2호선,250,용두,211-3,20240701,,외부,지하,2,"(외선대합실)1,2번 출입구 입구","일반(남,여) / 교통약자(남,여)",B1,Y
1740616,건축)대합실화장실-문래,2호선,235,문래,235,20210527,,외부,지하,3,"지하1층 대합실(개집표기 외부, 2,3번 출입구방향)","일반(남,여) / 교통약자(남,여)",B1,Y
1806463,건축)승강장화장실-용두 외선,2호선,250,용두,211-3,20240701,,내부,,2,(외선승강장)2-2 승강장 앞,"일반(남,여) / 교통약자(남,여,공용)",2,Y
1740617,건축)대합실화장실-영등포구청(2),2호선,236,영등포구청,236,20210527,,내부,지하,2,"지하1층 대합실(개집표기 내부, 환승통로입구)","일반(남,여) / 교통약자(남,여)",B1,Y
1806464,건축)대합실화장실-종합운동장(2) #5출구,2호선,218,종합운동장,218,20240701,,외부,지하,5,대합실 1층 5번 출입구 앞 (삼성측),"일반(남,여) / 교통약자(남,여,공용)",B1,Y
1740618,건축)대합실화장실-당산(2),2호선,237,당산,237,20210527,,내부,지상,4,"지상2층, 대합실 중앙(개집표기 내부)","일반(남,여) / 교통약자(남,여)",2,Y
1740619,건축)대합실화장실-합정(2),2호선,238,합정,238,20210527,,내부,지하,1,"지하1층 대합실, 1,2번 출입구","일반(남,여) / 교통약자(남,여)",B1,Y
1740620,건축)대합실화장실-홍대입구(2),2호선,239,홍대입구,239,20210527,,외부,지하,2,"지하1층 대합실, 2번 출입구 옆","일반(남,여) / 교통약자(남,여)",B1,Y
1740621,건축)대합실화장실-신촌,2호선,240,신촌,240,20210527,,외부,지하,5,"지하1층 대합실, 5번 출입구 옆","일반(남,여) / 교통약자(남,여)",B1,Y
1740622,건축)대합실화장실-이대,2호선,241,이대,241,20210527,,외부,지하,5,지하1층 대합실 5번 출입구 옆,"일반(남,여) / 교통약자(남,여)",B1,Y
1740623,건축)대합실화장실-아현,2호선,242,아현,242,20210527,,외부,지하,4,지하1층 대합실 이대역방면 끝단,"일반(남,여) / 교통약자(남,여)",B1,Y
1740624,건축)대합실화장실-충정로(2),2호선,243,충정로,243,20210527,,외부,지하,6,지하2층 아현방면 끝단,"일반(남,여) / 교통약자(남,여)",B2,Y
1741947,건축)승강장화장실-용두,2호선,250,용두,211-3,20210527,,내부,지하,5,(내선승강장)3-3 승강장 앞,"일반(남,여) / 교통약자(남,여,공용)",B1,Y
1740575,건축)대합실화장실-시청(2),2호선,201,시청,201,20210527,,내부,지하,10,"지하1층 9,10번 출입구 옆","일반(남,여) / 교통약자(남,여)",B1,Y
1740576,건축)대합실화장실-을지로입구,2호선,202,을지로입구,202,20210527,,외부,지하,4,지하1층 (다)개집표기 옆,"일반(남,여) / 교통약자(남,여)",B1,Y
1740577,건축)대합실화장실-을지로3가(2),2호선,203,을지로3가,203,20210527,,외부,지하,2,지하1층 (다)개집표기 옆,"일반(남,여) / 교통약자(남,여)",B1,Y
1806465,건축)대합실화장실-가락시장(3) 외부,3호선,340,가락시장,350,20240701,,외부,지하,2,대합실 B2층 고객안전실 앞(개집표기 외부),"일반(남,여) / 교통약자(남,여,공용)",B2,Y
1806466,건축)대합실화장실-경찰병원 외부,3호선,341,경찰병원,351,20240701,,외부,지하,2,대합실 B1층 아이센터 옆(개집표기 외부),"일반(남,여) / 교통약자(남,여,공용)",B1,Y
1806467,건축)대합실화장실-오금(3) 외부,3호선,342,오금,352,20240701,,외부,지하,2,"대합실 B1층 1,2번 출입구 옆(개집표기 외부)","일반(남,여) / 교통약자(남,여)",B1,Y
1806468,건축)대합실화장실-옥수(3) 환승통로,3호선,325,옥수,335,20240701,,내부,지상,3,3층 환승통로측,"일반(남,여) / 교통약자(남,여)",3,Y
1806469,건축)대합실화장실-종로3가(3) 지하2층,3호선,319,종로3가,329,20240701,,내부,지하,7,지하2층,"일반(남,여) / 교통약자(남,여)",B2,Y
1806470,건축)대합실화장실-홍제 지하2층,3호선,314,홍제,324,20240701,,외부,지하,2,지하2층 대합실 (다)개집표기 앞,"일반(남,여) / 교통약자(남,여)",B2,Y
1740626,건축)대합실화장실-구파발,3호선,310,구파발,320,20210527,,외부,지하,4,지하1층 대합실 (가)개집표기 외부,"일반(남,여) / 교통약자(남,여)",B1,Y
1740627,건축)대합실화장실-연신내(3),3호선,311,연신내,321,20210527,,내부,지하,3,지하 1층 대합실 라개집표기 내부,"일반(남,여) / 교통약자(남,여)",B1,Y
1740628,건축)대합실화장실-불광(3),3호선,312,불광,322,20210527,,외부,지하,3,지하1층 대합실 (나)개집표기 외부,"일반(남,여) / 교통약자(남,여)",B1,Y
1740629,건축)대합실화장실-녹번,3호선,313,녹번,323,20210527,,외부,지하,5,지하1층 대합실 개집표기 외부,"일반(남,여) / 교통약자(남,여)",B1,Y
1740630,건축)대합실화장실-홍제,3호선,314,홍제,324,20210527,,외부,지하,2,지하1층 대합실 상가(다이소) 옆,"일반(남,여)",B1,Y
1740631,건축)대합실화장실-무악재,3호선,315,무악재,325,20210527,,내부,지하,1,지하2층 대합실 (가)개집표기 내부,"일반(남,여) / 교통약자(남,여)",B2,N
1740632,건축)대합실화장실-독립문,3호선,316,독립문,326,20210527,,내부,지하,3-1,지하2층 대합실 (나)개집표기 내부,"일반(남,여) / 교통약자(남,여)",B2,N
1740633,건축)대합실화장실-경복궁,3호선,317,경복궁,327,20210527,,내부,지하,3,지하2층 대합실 (가)개집표기 내부,"일반(남,여) / 교통약자(남,여)",B2,N
1740634,건축)대합실화장실-안국,3호선,318,안국,328,20210527,,외부,지하,4,지하3층 대합실 C계단 방면,"일반(남,여) / 교통약자(남,여)",B2,N
1740635,건축)대합실화장실-종로3가(3),3호선,319,종로3가,329,20210527,,내부,지하,8,엘리베이터 이용 지하3층 게이트 통과 후 오른쪽,"일반(남,여) / 교통약자(남,여)",B3,Y
1740636,건축)대합실화장실-을지로3가(3),3호선,320,을지로3가,330,20210527,,내부,지하,3,가 대합실 고객안전실 아래 지하 2층,"일반(남,여) / 교통약자(남,여)",B2,N
1740637,건축)대합실화장실-동대입구,3호선,322,동대입구,332,20210527,,내부,지하,6,대합실 2층 (가)개집표기 앞,"일반(남,여) / 교통약자(남,여)",B2,Y
1740638,건축)대합실화장실-약수(3),3호선,323,약수,333,20210527,,내부,지하,3,지하1층 개집표기 내 대합실,"일반(남,여) / 교통약자(남,여)",B1,Y
1740639,건축)대합실화장실-금호,3호선,324,금호,334,20210527,,내부,지하,4,지하1층 (가)개집표기 내 대합실,"일반(남,여) / 교통약자(남,여)",B1,Y
1740640,건축)대합실화장실-옥수,3호선,325,옥수,335,20210527,,내부,지상,7,3층 금호역측,"일반(남,여) / 교통약자(남,여,공용)",3,Y
1740641,건축)대합실화장실-압구정,3호선,326,압구정,336,20210527,,외부,지하,5,지하 1층,"일반(남,여) / 교통약자(남,여)",B1,Y
1740642,건축)대합실화장실-신사,3호선,327,신사,337,20210527,,내부,지하,4,지하 1층,"일반(남,여) / 교통약자(남,여)",B1,Y
1740643,건축)대합실화장실-잠원,3호선,328,잠원,338,20210527,,내부,지하,4,대합실 B1층 고객안전실 앞(개집표기 내부),"일반(남,여) / 교통약자(남,여)",B1,Y
1740645,건축)대합실화장실-교대(3),3호선,330,교대,340,20210527,,외부,지하,12,"대합실1층 고객안전실 맞은편,개집표기 외부","일반(남,여) / 교통약자(남,여)",B1,Y
1740646,건축)대합실화장실-남부터미널,3호선,331,남부터미널,341,20210527,,내부,지하,1,대합실 B2층 고객안전실 앞,"일반(남,여) / 교통약자(남,여)",B2,Y
1740647,건축)대합실화장실-양재,3호선,332,양재,342,20210527,,내부,지하,4,"대합실 B1층 상선 방향(9-4),개집표기 내부","일반(남,여) / 교통약자(남,여)",B1,Y
1740648,건축)대합실화장실-매봉,3호선,333,매봉,343,20210527,,외부,지하,2,대합실 B1층개집표기옆,"일반(남,여) / 교통약자(남,여)",B1,Y
1740649,건축)대합실화장실-도곡,3호선,334,도곡,344,20210527,,외부,지하,4,대합실  B2층 개집표기 외부,"일반(남,여) / 교통약자(남,여)",B2,N
1740650,건축)대합실화장실-대치,3호선,335,대치,345,20210527,,내부,지하,6,대합실 B1층 고객안전실 앞,"일반(남,여) / 교통약자(남,여)",B1,N
1740651,건축)대합실화장실-학여울,3호선,336,학여울,346,20210527,,외부,지하,1,대합실 B4층 외부 E/V 옆 (개집표기 외부),"일반(남,여) / 교통약자(남,여)",B4,Y
1740652,건축)대합실화장실-대청,3호선,337,대청,347,20210527,,내부,지하,4,대합실  B2층 상선 개집표기 내부,"일반(남,여) / 교통약자(남,여)",B2,Y
1740653,건축)대합실화장실-일원,3호선,338,일원,348,20210527,,외부,지하,7,"대합실 B2층 7번 출입구옆, 고객안전실 앞","일반(남,여) / 교통약자(남,여)",B2,Y
1740654,건축)대합실화장실-수서,3호선,339,수서,349,20210527,,내부,지하,2,대합실 B1층 고객안전실좌측(개집표기 내부),"일반(남,여) / 교통약자(남,여)",B1,Y
1740655,건축)대합실화장실-가락시장(3),3호선,340,가락시장,350,20210527,,내부,지하,2,대합실 B2층 고객상담실앞(개집표기 내부),"일반(남,여) / 교통약자(남,여)",B2,Y
1740656,건축)대합실화장실-경찰병원,3호선,341,경찰병원,351,20210527,,내부,지하,2,대합실 B1층 고객안전실 앞(개집표기 내부),"일반(남,여) / 교통약자(남,여)",B1,N
1740657,건축)대합실화장실-오금(3),3호선,342,오금,352,20210527,,내부,지하,2,"대합실 B1층 1,2번 출입구옆(개집표기 내부)","일반(남,여) / 교통약자(남,여)",B1,N
1821296,건축)대합실화장실-남태령 B2,4호선,434,남태령,434,20241127,,내부,지하,2,(지하2층 고객안전실 옆),"일반(남,여) / 교통약자(남,여)",B2,Y
1806472,건축)대합실화장실-동대문역사문화공원(4) 내부,4호선,422,동대문역사문화공원,422,20240701,,내부,지하,8,지하2층 내부계단 옆,"일반(남,여) / 교통약자(남,여)",B2,Y
1806473,건축)대합실화장실-사당(4) 지하1층남태령측,4호선,433,사당,433,20240701,,외부,지하,3,지하1층 남태령측,"일반(남,여) / 교통약자(남,여)",B1,N
1806471,건축)대합실화장실-당고개 지상2층,4호선,409,불암산,409,20240701,,외부,지상,3,대합실 2층 고객안전실 앞,"일반(남,여) / 교통약자(남,여,공용)",2,Y
1806474,건축)대합실화장실-사당(4) 지하2층환승통로,4호선,433,사당,433,20240701,,내부,지하,12,지하2층 환승통로,"일반(남,여) / 교통약자(남,여)",B2,N
1740658,건축)대합실화장실-당고개,4호선,409,불암산,409,20210527,,외부,지상,4,"대합실 1층 (1,4번 출입구방향)","일반(남,여) / 교통약자(남,여)",1,Y
1740659,건축)대합실화장실-상계,4호선,410,상계,410,20210527,,내부,지상,4,2층 대합실 (나)개집표기 내부,"일반(남,여) / 교통약자(남,여)",2,Y
1740660,건축)대합실화장실-노원(4),4호선,411,노원,411,20210527,,내부,지상,"2,9",2층 대합실 (나)개집표기 내부,"일반(남,여) / 교통약자(남,여)",2,Y
1740661,건축)대합실화장실-창동,4호선,412,창동,412,20210527,,내부,지상,1,2층 대합실 (나)개집표기 내부,"일반(남,여) / 교통약자(남,여)",2,Y
1740662,건축)대합실화장실-쌍문,4호선,413,쌍문,413,20210527,,내부,지하,2,지하1층 (나)환기실 옆,"일반(남,여) / 교통약자(남,여)",B1,Y
1740663,건축)대합실화장실-수유,4호선,414,수유,414,20210527,,내부,지하,2,"대합실 지하1층 고객안전실 옆(2,8번 출입구방향)","일반(남,여) / 교통약자(남,여)",B1,Y
1740664,건축)대합실화장실-미아,4호선,415,미아,415,20210527,,외부,지하,6,"대합실 지하1층 교양휴게실 앞 (3,4번개집표기방향)","일반(남,여) / 교통약자(남,여)",B1,Y
1740665,건축)대합실화장실-미아사거리,4호선,416,미아사거리,416,20210527,,외부,지하,"1,6",지하1층 고객안전실 옆,"일반(남,여) / 교통약자(남,여)",B1,Y
1740666,건축)대합실화장실-길음,4호선,417,길음,417,20210527,,외부,지하,5,지하1층 대합실 (가)개집표기 외부,"일반(남,여) / 교통약자(남,여)",B1,Y
1740667,건축)대합실화장실-성신여대입구(4),4호선,418,성신여대입구,418,20210527,,내부,지하,4,지하1층 고객 안내부스에서 10m 안쪽,"일반(남,여) / 교통약자(남,여)",B1,Y
1740668,건축)대합실화장실-한성대입구,4호선,419,한성대입구,419,20210527,,외부,지하,7,"1번 출입구방향, (가)개집표기 쪽(개집표기 외부)","일반(남,여) / 교통약자(남,여,공용)",B1,Y
1740669,건축)대합실화장실-혜화,4호선,420,혜화,420,20210527,,외부,지하,8,(지하1층 3번 출입구 방면),"일반(남,여) / 교통약자(남,여)",B1,Y
1740670,건축)대합실화장실-동대문(4),4호선,421,동대문,421,20210527,,내부,지하,9,지하2층,"일반(남,여) / 교통약자(남,여)",B2,Y
1740671,건축)대합실화장실-동대문역사문화공원(4),4호선,422,동대문역사문화공원,422,20210527,,외부,지하,8,"지하1층 10,11번 기둥앞","일반(남,여) / 교통약자(남,여)",B1,Y
1740672,건축)대합실화장실-충무로(4),4호선,423,충무로,423,20210527,,내부,지하,3,"지하2층 3,4,5,6,7번 출입구쪽,개집표기 내부","일반(남,여) / 교통약자(남,여)",B2,Y
1740673,건축)대합실화장실-명동,4호선,424,명동,424,20210527,,내부,지하,5,"B1 2~8번 출입구쪽,개집표기 내부","일반(남,여) / 교통약자(남,여)",B1,N
1740674,건축)대합실화장실-회현,4호선,425,회현,425,20210527,,내부,지하,3,개집표기 내부 지하2층,"일반(남,여) / 교통약자(남,여)",B2,Y
1740675,건축)대합실화장실-서울역(4),4호선,426,서울역,426,20210527,,외부,지하,11,"14번 출입구  옆, 11번 출입구 물품보관함 건너편","일반(남,여) / 교통약자(남,여)",B1,Y
1740676,건축)대합실화장실-숙대입구,4호선,427,숙대입구,427,20210527,,외부,지하,9,B1 (가)대합실과 (나)대합실 연결통로 가운데,"일반(남,여) / 교통약자(남,여)",B1,Y
1740677,건축)대합실화장실-삼각지(4),4호선,428,삼각지,428,20210527,,내부,지하,3,게이트 내부 신용산측,"일반(남,여) / 교통약자(남,여)",B1,Y
1740678,건축)대합실화장실-신용산,4호선,429,신용산,429,20210527,,외부,지하,4,지하1층 삼각지측,"일반(남,여) / 교통약자(남,여)",B1,Y
1740679,건축)대합실화장실-이촌,4호선,430,이촌,430,20210527,,내부,지하,3,지하1층 3번 출입구 앞,"일반(남,여) / 교통약자(남,여)",B1,Y
1740680,건축)대합실화장실-동작(4),4호선,431,동작,431,20210527,,내부,지상,1,대합실 2층 구내식당좌측,"일반(남,여) / 교통약자(남,여)",2,Y
1740681,건축)대합실화장실-총신대입구(4),4호선,432,총신대입구,432,20210527,,내부,지하,1,지하1층 동작측,"일반(남,여) / 교통약자(남,여)",B1,Y
1740682,건축)대합실화장실-사당(4),4호선,433,사당,433,20210527,,외부,지하,12,(지하1층 총신대측),"일반(남,여) / 교통약자(남,여)",B1,Y
1821301,건축)대합실화장실-하남풍산 B1,5호선,2564,하남풍산,556,20241127,,외부,지하,"1,2","대합실 지하1층 1,2번 출입구 앞","일반(남,여) / 교통약자(남,여)",B1,Y
1740684,건축)대합실화장실-방화_지하1층,5호선,2511,방화,510,20210527,,외부,지하,"3,4","대합실 1층 3,4번 출입구방향 앞","일반(남,여) / 교통약자(남,여)",B1,Y
1740685,건축)대합실화장실-개화산_지하1층,5호선,2512,개화산,511,20210527,,외부,지하,"1,2",대합실 지하1층 하선E/L 옆,"일반(남,여) / 교통약자(남,여)",B1,Y
1740686,건축)대합실화장실-김포공항(5)_지하1층,5호선,2513,김포공항,512,20210527,,외부,지하,1,"대합실 지하 1층, 1번 출입구 옆(지하철경찰센터 옆)","일반(남,여) / 교통약자(남,여,공용)",B1,N
1740687,건축)대합실화장실-김포공항(5)_지하2층,5호선,2513,김포공항,512,20210527,,외부,지하,1,B2 대합실 1번 출입구 아래(국내선 연결통로 방면),"일반(남,여) / 교통약자(남,여)",B2,Y
1740688,건축)대합실화장실-송정_지하2층,5호선,2514,송정,513,20210527,,외부,지하,"1,2",대합실 2층 ES 1호기 앞,"일반(남,여) / 교통약자(남,여)",B2,Y
1740689,건축)대합실화장실-마곡_지하1층,5호선,2515,마곡,514,20210527,,외부,지하,2,지하1층 대합실 2번 출입구 하단,"일반(남,여) / 교통약자(남,여)",B1,Y
1740690,건축)대합실화장실-발산_지하1층,5호선,2516,발산,515,20210527,,외부,지하,"1,9","대합실 1층 1, 9번 출입구 사이","일반(남,여) / 교통약자(남,여)",B1,Y
1740691,건축)대합실화장실-우장산_지하1층,5호선,2517,우장산,516,20210527,,외부,지하,2,지하1층 대합실 2번 출입구 앞,"일반(남,여) / 교통약자(남,여)",B1,Y
1740693,건축)대합실화장실-화곡_지하1층,5호선,2518,화곡,517,20210527,,외부,지하,"7,8","대합실 1층 7,8번 출입구 앞","일반(남,여) / 교통약자(남,여)",B1,Y
1740694,건축)대합실화장실-까치산(5)_지하1층,5호선,2519,까치산,518,20210527,,외부,지하,1~4,대합실(지하1층) 1~4번 출입구 앞,"일반(남,여) / 교통약자(남,여)",B1,Y
1740695,건축)대합실화장실-신정_지하2층,5호선,2520,신정,519,20210527,,외부,지하,"2,3","2,3번 출입구 지하 (가)대합실 운임지역 내부","일반(남,여) / 교통약자(남,여)",B2,Y
1740696,건축)대합실화장실-목동_지하1층,5호선,2521,목동,520,20210527,,외부,지하,7,대합실 지하1층 7번 출입구 옆,"일반(남,여) / 교통약자(남,여)",B1,Y
1740697,건축)대합실화장실-오목교_지하1층,5호선,2522,오목교,521,20210527,,외부,지하,3,대합실 B1층 3번 출입구 방향 임대상가 옆,"일반(남,여) / 교통약자(남,여)",B1,Y
1740698,건축)대합실화장실-양평(5)_지하1층,5호선,2523,양평,522,20210527,,내부,지하,"1,2",b1층 고객상담실 옆. 개집표기 내부,"일반(남,여) / 교통약자(남,여)",B1,Y
1740699,건축)대합실화장실-영등포구청(5)_지하1층,5호선,2524,영등포구청,523,20210527,,외부,지하,7,대합실 지하1층 7번 출입구 방면,"일반(남,여) / 교통약자(남,여)",B1,N
1740700,건축)대합실화장실-영등포시장_지하1층,5호선,2525,영등포시장,524,20210527,,외부,지하,"2,3","대합실 1층  2, 3번 출입구 앞","일반(남,여) / 교통약자(남,여)",B1,Y
1740701,건축)대합실화장실-신길(5)_지하3층,5호선,2526,신길,525,20210527,,외부,지하,3,대합실(B3) 3번 출입구 앞,"일반(남,여) / 교통약자(남,여)",B3,Y
1740702,건축)대합실화장실-여의도(5)_지하1층,5호선,2527,여의도,526,20210527,,외부,지하,6,대합실1층  (가)개집표기 옆,"일반(남,여) / 교통약자(남,여)",B1,Y
1740703,건축)대합실화장실-여의나루_지하1층,5호선,2528,여의나루,527,20210527,,외부,지하,3,지하1층 대합실 비운임지역 ES옆,"일반(남,여) / 교통약자(남,여)",B1,Y
1740704,건축)대합실화장실-마포_지하1층,5호선,2529,마포,528,20210527,,외부,지하,4,대합실 1층 토니모리좌측,"일반(남,여) / 교통약자(남,여)",B1,Y
1740705,건축)대합실화장실-공덕(5)_지하1층,5호선,2530,공덕,529,20210527,,외부,지하,3,대합실 1층 3번 출입구 앞,"일반(남,여) / 교통약자(남,여)",B1,Y
1740706,건축)대합실화장실-애오개_지하1층,5호선,2531,애오개,530,20210527,,외부,지하,3,대합실 1층개집표기 통과 후좌측,"일반(남,여) / 교통약자(남,여)",B1,Y
1740707,건축)대합실화장실-충정로(5)_지하1층,5호선,2532,충정로,531,20210527,,외부,지하,8,대합실 B1층 8번 출입구 방향 아이센터 맞은 편,"일반(남,여) / 교통약자(남,여)",B1,Y
1740708,건축)대합실화장실-서대문_지하1층,5호선,2533,서대문,532,20210527,,외부,지하,"1,2","지하1층 대합실 1, 2번 출입구 내려와서 왼쪽","일반(남,여) / 교통약자(남,여)",B1,Y
1740709,건축)대합실화장실-광화문_지하1층,5호선,2534,광화문,533,20210527,,외부,지하,"7,8",세종측 대합실 지하1층,"일반(남,여) / 교통약자(남,여)",B1,Y
1740710,건축)대합실화장실-종로3가(5)_지하1층,5호선,2535,종로3가,534,20210527,,내부,지하,5,대합실 지하1층 고객안전실 맞은편,"일반(남,여) / 교통약자(남,여)",B1,Y
1740711,건축)대합실화장실-을지로4가(5)_지하1층,5호선,2536,을지로4가,535,20210527,,외부,지하,"1,2","대합실 B1층, B2층 내려가는 계단 앞","일반(남,여) / 교통약자(남,여)",B1,Y
1740712,건축)대합실화장실-동대문역사문화공원(5)_지하1층,5호선,2537,동대문역사문화공원,536,20210527,,외부,지하,7,지하1층,"일반(남,여) / 교통약자(남,여)",B1,Y
1740713,건축)대합실화장실-신금호_지하1층,5호선,2539,신금호,538,20210527,,외부,지하,5,B2개집표기 앞,"일반(남,여) / 교통약자(남,여)",B2,Y
1740714,건축)대합실화장실-행당_지하3층,5호선,2540,행당,539,20210527,,외부,지하,1~4,지하3층 E/S 옆(고객상담실 및만남의장소 앞),"일반(남,여) / 교통약자(남,여)",B3,Y
1740715,건축)대합실화장실-왕십리(5)_지하2층,5호선,2541,왕십리,540,20210527,,내부,지하,4,B2 대합실 상가2002호점 옆,"일반(남,여) / 교통약자(남,여)",B2,N
1740717,건축)대합실화장실-마장_지하2층,5호선,2542,마장,541,20210527,,외부,지하,1~4,지하2층 대합실,"일반(남,여) / 교통약자(남,여)",B2,Y
1740718,건축)대합실화장실-답십리_지하1층,5호선,2543,답십리,542,20210527,,외부,지하,"5,6","B1층 5,6번 출입구 방향","일반(남,여) / 교통약자(남,여)",B1,N
1740719,건축)대합실화장실-장한평_지하1층,5호선,2544,장한평,543,20210527,,외부,지하,1,지하 1층 1번 출입구 나가기전 좌측방향,"일반(남,여) / 교통약자(남,여)",B1,N
1740720,건축)대합실화장실-군자(5)_지하1층,5호선,2545,군자,544,20210527,,외부,지하,"7,8",지하1층 대합실 (가)개집표기 앞,"일반(남,여) / 교통약자(남,여)",B1,Y
1740721,건축)대합실화장실-아차산_지하1층,5호선,2546,아차산,545,20210527,,외부,지하,3,지하1층 대합실,"일반(남,여) / 교통약자(남,여)",B1,Y
1740722,건축)대합실화장실-광나루_지하1층,5호선,2547,광나루,546,20210527,,외부,지하,"1,2",지하1층,"일반(남,여) / 교통약자(남,여)",B1,Y
1740723,건축)대합실화장실-천호(5)_지하1층,5호선,2548,천호,547,20210527,,외부,지하,"5,6","지하1층 대합실(5,6번 출입구 방향)","일반(남,여) / 교통약자(남,여)",B1,Y
1740724,건축)대합실화장실-강동_지하1층,5호선,2549,강동,548,20210527,,외부,지하,2,대합실 지하1층 2번 출입구 앞,"일반(남,여) / 교통약자(남,여)",B1,N
1740725,건축)대합실화장실-길동_지하1층,5호선,2550,길동,549,20210527,,외부,지하,3,대합실 지하1층 3번 출입구 옆,"일반(남,여) / 교통약자(남,여)",B1,Y
1740726,건축)대합실화장실-굽은다리_지하1층,5호선,2551,굽은다리,550,20210527,,외부,지하,3,대합실 지하1층 3번 출입구 앞,"일반(남,여) / 교통약자(남,여)",B1,Y
1740727,건축)대합실화장실-명일_지하1층,5호선,2552,명일,551,20210527,,외부,지하,3,대합실 지하1층 3번 출입구 앞,"일반(남,여) / 교통약자(남,여)",B1,Y
1740728,건축)대합실화장실-고덕_지상1층,5호선,2553,고덕,552,20210527,,외부,지하,1,대합실 지하1층 1번 출입구 방향,"일반(남,여) / 교통약자(남,여)",B1,Y
1740729,건축)대합실화장실-상일동_지상1층,5호선,2554,상일동,553,20210527,,외부,지하,7,대합실 지하1층 7번 출입구 앞,"일반(남,여) / 교통약자(남,여)",B1,Y
1740730,건축)대합실화장실-강일_지하1층(대합실 나),5호선,2562,강일,554,20210527,,외부,지하,3,대합실 지하2층 3번 출입구측,"일반(남,여) / 교통약자(남,여)",B2,Y
1740731,건축)대합실화장실-강일_지하1층(대합실 가),5호선,2562,강일,554,20210527,,외부,지하,4,대합실 지하2층 4번 출입구측,"일반(남,여) / 교통약자(남,여)",B2,Y
1740732,건축)대합실화장실-미사_지하1층(외부),5호선,2563,미사,555,20210527,,외부,지하,5,대합실 지하1층 5번 출입구옆,"일반(남,여) / 교통약자(남,여)",B1,Y
1740733,건축)대합실화장실-미사_지하1층(내부),5호선,2563,미사,555,20210527,,내부,지하,1.5,대합실 지하1층 방화방면 내부계단옆,"일반(남,여) / 교통약자(남,여)",B1,Y
1740734,건축)대합실화장실-하남시청_지하1층,5호선,2565,하남시청,557,20210527,,외부,지하,1~3,대합실 지하1층 1~3번 출입구 앞,"일반(남,여) / 교통약자(남,여)",B1,Y
1740735,건축)대합실화장실-하남검단산_지하1층,5호선,2566,하남검단산,558,20210527,,외부,지하,"1,2","대합실 지하1층 1,2번 출입구 앞","일반(남,여) / 교통약자(남,여)",B1,Y
1740737,건축)대합실화장실-둔촌동_지하1층,5호선,2555,둔촌동,P549,20210527,,외부,지하,"3,4","대합실 지하1층, 3,4번 출입구 방향","일반(남,여) / 교통약자(남,여)",B1,Y
1740738,건축)대합실화장실-올림픽공원(5)_지하2층,5호선,2556,올림픽공원,P550,20210527,,외부,지하,2,대합실 지하1층 2번 출입구 앞,"일반(남,여) / 교통약자(남,여)",B1,Y
1740739,건축)대합실화장실-방이_지하1층,5호선,2557,방이,P551,20210527,,외부,지하,"3,4","대합실 지하1층 3,4번 출입구방향","일반(남,여) / 교통약자(남,여)",B1,Y
1740740,건축)대합실화장실-오금(5)_지하1층,5호선,2558,오금,P552,20210527,,내부,지하,"6,7",대합실 지하1층 방이역 방향,"일반(남,여) / 교통약자(남,여)",B1,Y
1740741,건축)대합실화장실-개롱_지하1층,5호선,2559,개롱,P553,20210527,,외부,지하,"1,4","1,4번호 출입구 사이","일반(남,여) / 교통약자(남,여)",B1,Y
1740742,건축)대합실화장실-거여_지하1층,5호선,2560,거여,P554,20210527,,외부,지하,8,대합실 1층 8번 출입구 앞,"일반(남,여) / 교통약자(남,여)",B1,Y
1740743,건축)대합실화장실-마천_지하1층,5호선,2561,마천,P555,20210527,,외부,지하,1,대합실 지하1층 1번 출입구 방향에서우측 코너,"일반(남,여) / 교통약자(남,여)",B1,Y
1821298,건축)대합실화장실-창신 B1,6호선,2638,창신,637,20241127,,내부,지하,"3,4",대합실 B1층 E/V1호기 뒷편,"일반(남,여) / 교통약자(남,여)",B1,Y
1806845,건축)대합실화장실-석계 B2층 화장실,6호선,2645,석계,644,20240705,,내부,지하,"2,3",지하 2층 대합실(환승통로),"일반(남,여) / 교통약자(남,여)",B2,Y
1740744,건축)대합실화장실-응암_지하1층,6호선,2611,응암,610,20210527,,외부,지하,"3,4",대합실 B1층 GS25 편의점 옆,"일반(남,여) / 교통약자(남,여)",B1,Y
1740745,건축)대합실화장실-역촌_지하1층,6호선,2612,역촌,611,20210527,,외부,지하,3,대합실 1층 3번 출입구 옆,"일반(남,여) / 교통약자(남,여)",B1,Y
1740746,건축)대합실화장실-불광(6)_지하1층,6호선,2613,불광,612,20210527,,외부,지하,"6,7","지하1층 (가)대합실(6,7번 출입구 아래)","일반(남,여) / 교통약자(남,여)",B1,Y
1740747,건축)대합실화장실-독바위_지하1층,6호선,2614,독바위,613,20210527,,외부,지하,1,대합실 B1층 E/S 7호기 옆,"일반(남,여) / 교통약자(남,여)",B1,Y
1740748,건축)대합실화장실-연신내(6)_지하1층,6호선,2615,연신내,614,20210527,,외부,지하,"6,7","대합실 B1층 6,7번 출입구방향","일반(남,여) / 교통약자(남,여)",B1,Y
1740749,건축)대합실화장실-구산_지하1층,6호선,2616,구산,615,20210527,,외부,지하,4,대합실 B1층 4번 출입구 맞은편,"일반(남,여) / 교통약자(남,여)",B1,Y
1740750,건축)대합실화장실-새절_지하1층,6호선,2617,새절,616,20210527,,외부,지하,2,대합실 1층 2번 출입구 옆,"일반(남,여) / 교통약자(남,여)",B1,Y
1740751,건축)대합실화장실-증산_지하1층,6호선,2618,증산,617,20210527,,외부,지하,1,대합실 1층 1번 출입구 옆,"일반(남,여) / 교통약자(남,여)",B1,Y
1740752,건축)대합실화장실-디지털미디어시티(6)_지하1층(대합실 나),6호선,2619,디지털미디어시티,618,20210527,,외부,지하,4,대합실 지하1층 4번 출입구 옆,"일반(남,여) / 교통약자(남,여)",B1,Y
1740753,건축)대합실화장실-디지털미디어시티(6)_지하1층(대합실 가),6호선,2619,디지털미디어시티,618,20210527,,내부,지하,"2,3","대합실 지하1층 2,3번 출입구 옆","일반(남,여) / 교통약자(남,여)",B1,N
1740754,건축)대합실화장실-월드컵경기장(6)_지하2층(대합실 나),6호선,2620,월드컵경기장,619,20210527,,외부,지하,2,대합실(B1 2번 출입구방향 개집표기옆),"일반(남,여) / 교통약자(남,여)",B1,N
1740755,건축)대합실화장실-월드컵경기장(6)_지하2층(대합실 가),6호선,2620,월드컵경기장,619,20210527,,내부,지하,1,대합실(B1 1번 출입구방향 개집표기 내부),"일반(남,여) / 교통약자(남,여)",B1,Y
1740756,건축)대합실화장실-마포구청_지하1층,6호선,2621,마포구청,620,20210527,,외부,지하,8,가대합실 지하2층,"일반(남,여) / 교통약자(남,여)",B1,Y
1740757,건축)대합실화장실-마포구청_지하2층,6호선,2621,마포구청,620,20210527,,외부,지하,"3,4",나대합실 지하1층 편의점옆,"일반(남,여) / 교통약자(남,여)",B2,N
1740758,건축)대합실화장실-망원_지하1층,6호선,2622,망원,621,20210527,,외부,지하,1,B1 대합실 1번 출입구 옆,"일반(남,여) / 교통약자(남,여)",B1,Y
1740759,건축)대합실화장실-합정(6)_지하1층,6호선,2623,합정,622,20210527,,외부,지하,8,대합실 1층 8번 출입구 앞,"일반(남,여) / 교통약자(남,여)",B1,N
1740760,건축)대합실화장실-상수_지하2층,6호선,2624,상수,623,20210527,,외부,지하,1~4,B2 대합실 상가 미샤 옆,"일반(남,여) / 교통약자(남,여)",B2,Y
1740761,건축)대합실화장실-광흥창_지하2층,6호선,2625,광흥창,624,20210527,,외부,지하,"1,2,5,6","대합실 2층 (1,2,5,6번 출입구방향)","일반(남,여) / 교통약자(남,여)",B2,Y
1740762,건축)대합실화장실-대흥_지하1층,6호선,2626,대흥,625,20210527,,외부,지하,4,대합실 1층 4번 출입구 앞,"일반(남,여) / 교통약자(남,여)",B1,Y
1740763,건축)대합실화장실-공덕(6)_지하1층,6호선,2627,공덕,626,20210527,,외부,지하,7,대합실 1층 7번 출입구 앞,"일반(남,여) / 교통약자(남,여)",B1,Y
1740764,건축)대합실화장실-효창공원앞(6)_지하1층,6호선,2628,효창공원앞,627,20210527,,외부,지하,"3,6","대합실 1층 3,6번 출입구 앞","일반(남,여) / 교통약자(남,여)",B1,Y
1740765,건축)대합실화장실-삼각지(6)_지하1층,6호선,2629,삼각지,628,20210527,,외부,지하,"7,8","대합실 1층 7,8번 출입구 측면","일반(남,여) / 교통약자(남,여)",B1,N
1740766,건축)대합실화장실-녹사평_지하1층,6호선,2630,녹사평,629,20210527,,외부,지하,"1,2","대합실 지하1층 1,2번 출입구 진입 방향","일반(남,여) / 교통약자(남,여)",B1,Y
1740767,건축)대합실화장실-이태원_지하1층,6호선,2631,이태원,630,20210527,,외부,지하,3,B1 대합실 E/S 옆,"일반(남,여) / 교통약자(남,여)",B1,Y
1740768,건축)대합실화장실-한강진_지하1층,6호선,2632,한강진,631,20210527,,외부,지하,1~3,대합실 B1층 임대상가(gs25)옆,"일반(남,여) / 교통약자(남,여)",B1,Y
1740769,건축)대합실화장실-버티고개_지하1층,6호선,2633,버티고개,632,20210527,,외부,지하,1,대합실 1층 1번 출입구 앞,"일반(남,여) / 교통약자(남,여)",B1,Y
1740770,건축)대합실화장실-약수(6)_지하1층,6호선,2634,약수,633,20210527,,외부,지하,"7,8","대합실 B1 7,8번 출입구앞","일반(남,여) / 교통약자(남,여)",B1,Y
1740771,건축)대합실화장실-청구(6)_지하1층,6호선,2635,청구,634,20210527,,외부,지하,1,B1 대합실 1번 출입구 나가는 방향 맞은편,"일반(남,여) / 교통약자(남,여)",B1,Y
1740772,건축)대합실화장실-신당(6)_지하1층,6호선,2636,신당,635,20210527,,외부,지하,5~8,대합실 B1층 5~8번 출입구 나가는 방향 계단 하부,"일반(남,여) / 교통약자(남,여)",B1,Y
1740773,건축)대합실화장실-동묘앞(6)_지하1층,6호선,2637,동묘앞,636,20210527,,외부,지하,7,대합실 1층 7번 출입구 앞,"일반(남,여) / 교통약자(남,여)",B1,N
1740775,건축)대합실화장실-보문(6)_지하2층,6호선,2639,보문,638,20210527,,외부,지하,"1,2",지하2층 대합실 아이센터 옆,"일반(남,여) / 교통약자(남,여)",B2,Y
1740776,건축)대합실화장실-안암_지하1층,6호선,2640,안암,639,20210527,,외부,지하,"3,4","대합실 B1층 3,4번 출입구 계단 인근","일반(남,여) / 교통약자(남,여,공용)",B1,N
1740777,건축)대합실화장실-안암_지하2층,6호선,2640,안암,639,20210527,,내부,지하,"3,4",대합실 B2층 봉화산방면 승강장 계단 인근,"일반(남,여) / 교통약자(남,여)",B2,Y
1740778,건축)대합실화장실-고려대_지하1층,6호선,2641,고려대,640,20210527,,내부,지하,2,지하 1층 대합실(개집표기 내부),"일반(남,여) / 교통약자(남,여)",B1,Y
1740779,건축)대합실화장실-월곡_지하1층,6호선,2642,월곡,641,20210527,,외부,지하,1~3,지하 1층,"일반(남,여) / 교통약자(남,여)",B1,N
1740780,건축)대합실화장실-상월곡_지하2층,6호선,2643,상월곡,642,20210527,,외부,지하,"1,4","지하 2층 대합실(1, 4번 출입구방면)","일반(남,여) / 교통약자(남,여)",B2,Y
1740781,건축)대합실화장실-돌곶이_지하1층,6호선,2644,돌곶이,643,20210527,,외부,지하,"6,7","지하 1층 대합실(6,7번 출입구 사이)","일반(남,여) / 교통약자(남,여)",B1,Y
1740782,건축)대합실화장실-석계(6)_지하1층,6호선,2645,석계,644,20210527,,외부,지하,7,지하 1층 대합실(7번 출입구 앞),"일반(남,여) / 교통약자(남,여)",B1,N
1740784,건축)대합실화장실-태릉입구(6)_지하1층,6호선,2646,태릉입구,645,20210527,,외부,지하,1,대합실 지하1층 아이센터 옆,"일반(남,여) / 교통약자(남,여)",B1,Y
1740785,건축)대합실화장실-화랑대_지하1층,6호선,2647,화랑대,646,20210527,,외부,지하,"6,7",지하 1층 대합실(개집표기 외부),"일반(남,여) / 교통약자(남,여)",B1,Y
1740786,건축)대합실화장실-봉화산_지하1층,6호선,2648,봉화산,647,20210527,,외부,지하,"2,3",지하 1층 대합실(고객상담실 옆),"일반(남,여) / 교통약자(남,여)",B1,Y
1740832,건축)대합실화장실-광명사거리_지하2층,7호선,2750,광명사거리,748,20210527,,외부,지하,"4,5","대합실 2층 연결통로 (가)아이센터,(나)아이센터 중간","일반(남,여) / 교통약자(남,여)",B2,Y
1821297,건축)대합실화장실-논현 B1,7호선,2734,논현,732,20241127,,외부,지하,"7,8","대합실 B1층 7,8번 출입구 근처","일반(남,여) / 교통약자(남,여)",B1,N
1740833,건축)대합실화장실-천왕_지하1층,7호선,2751,천왕,749,20210527,,외부,지하,2,대합실 1층 2번 출입구 방향,"일반(남,여) / 교통약자(남,여)",B1,Y
1740835,건축)대합실화장실-온수(7)_지하1층,7호선,2752,온수,750,20210527,,외부,지하,4,대합실 1층 4번 출입구 방향,"일반(남,여) / 교통약자(남,여)",B1,Y
1821299,건축)대합실화장실-청담 B3,7호선,2731,청담,729,20241127,,외부,지하,"3,12",B3 대합실 (나)아이센터 옆,"일반(남,여) / 교통약자(남,여)",B3,Y
1806475,건축)대합실화장실-논현 장애인화장실,7호선,2734,논현,732,20240701,,외부,지하,"7,8",대합실 2층 메트로의원 상가 뒤편,"일반(남,여) / 교통약자(남,여)",B2,Y
1821300,건축)대합실화장실-학동 B2,7호선,2733,학동,731,20241127,,외부,지하,"1,2","B2 1,2번 출입구 계단 옆","일반(남,여) / 교통약자(남,여)",B3,Y
1740787,건축)대합실화장실-장암_지상1층,7호선,2711,장암,709,20210527,,외부,지상,1,1층개집표기 옆,"일반(남,여) / 교통약자(남,여)",1,Y
1740788,건축)대합실화장실-도봉산(7)_지상1층(환승통로),7호선,2712,도봉산,710,20210527,,외부,지상,1-1,지상1층 대합실 앞,"일반(남,여) / 교통약자(남,여)",1,Y
1740789,건축)대합실화장실-도봉산(7)_지상1층(대합실),7호선,2712,도봉산,710,20210527,,내부,지상,2,지상1층 환승통로,"일반(남,여) / 교통약자(남,여)",1,Y
1740790,건축)대합실화장실-수락산_지하2층,7호선,2713,수락산,711,20210527,,외부,지하,"2,5",대합실 지하2층 고객안전실 앞,"일반(남,여) / 교통약자(남,여)",B2,Y
1740791,건축)대합실화장실-마들_지하2층,7호선,2714,마들,712,20210527,,외부,지하,"4,5",대합실 B2 에스컬레이터 앞,"일반(남,여) / 교통약자(남,여)",B2,N
1740792,건축)대합실화장실-노원(7)_지하2층,7호선,2715,노원,713,20210527,,외부,지하,6,"지하2층 대합실, (가)아이센터 앞","일반(남,여) / 교통약자(남,여)",B2,Y
1740793,건축)대합실화장실-중계_지하1층,7호선,2716,중계,714,20210527,,외부,지하,1,지하1층 1번 출입구 옆,"일반(남,여) / 교통약자(남,여)",B1,Y
1740794,건축)대합실화장실-하계_지하1층,7호선,2717,하계,715,20210527,,외부,지하,4,지하1층 4번 출입구,"일반(남,여) / 교통약자(남,여)",B1,Y
1740795,건축)대합실화장실-공릉_지하1층,7호선,2718,공릉,716,20210527,,외부,지하,"1,2",지하1층 아이센터 앞,"일반(남,여) / 교통약자(남,여)",B1,Y
1740797,건축)대합실화장실-태릉입구(7)_지하3층,7호선,2719,태릉입구,717,20210527,,외부,지하,"2,3",대합실 지하3층 고객안전실 앞,"일반(남,여) / 교통약자(남,여)",B3,Y
1740798,건축)대합실화장실-먹골_지하1층,7호선,2720,먹골,718,20210527,,외부,지하,"1,2",B1층 대합실,"일반(남,여) / 교통약자(남,여)",B1,Y
1740799,건축)대합실화장실-중화_지하1층,7호선,2721,중화,719,20210527,,외부,지하,2,B1층  2번 출입구 방향,"일반(남,여) / 교통약자(남,여)",B1,Y
1740800,건축)대합실화장실-상봉(7)_지하1층,7호선,2722,상봉,720,20210527,,내부,지하,"1,2,5,6","B1층 1,2,5,6번 출입구 앞","일반(남,여) / 교통약자(남,여)",B1,Y
1740801,건축)대합실화장실-면목_지하1층,7호선,2723,면목,721,20210527,,외부,지하,3,B1층 아이센터 앞,"일반(남,여) / 교통약자(남,여)",B1,Y
1740802,건축)대합실화장실-사가정_지하1층,7호선,2724,사가정,722,20210527,,외부,지하,1,B1층  1번 출입구 앞,"일반(남,여) / 교통약자(남,여)",B1,Y
1740803,건축)대합실화장실-용마산_지하1층,7호선,2725,용마산,723,20210527,,외부,지하,1,B1층  1번 출입구 앞,"일반(남,여) / 교통약자(남,여)",B1,Y
1740804,건축)대합실화장실-중곡_지하2층,7호선,2726,중곡,724,20210527,,외부,지하,1~3,B2층 개집표기 앞,"일반(남,여) / 교통약자(남,여)",B2,Y
1740805,건축)대합실화장실-어린이대공원_지하2층,7호선,2728,어린이대공원,726,20210527,,외부,지하,"1,6",B2층  아이센터 옆,"일반(남,여) / 교통약자(남,여)",B2,Y
1740807,건축)대합실화장실-건대입구(7)_지하2층,7호선,2729,건대입구,727,20210527,,내부,지하,3,B2층 개집표기 옆,"일반(남,여) / 교통약자(남,여)",B2,Y
1740808,건축)대합실화장실-자양_지상2층,7호선,2730,자양,728,20210527,,내부,지상,"1,4",지상2층 대합실,"일반(남,여) / 교통약자(남,여)",2,Y
1740810,건축)대합실화장실-강남구청(7)_지하2층,7호선,2732,강남구청,730,20210527,,외부,지하,"1,4",B2층 대합실 (가)아이센터 맞은편,"일반(남,여) / 교통약자(남,여)",B2,Y
1740813,건축)대합실화장실-반포_지하2층,7호선,2735,반포,733,20210527,,외부,지하,"1,2,5,6",대합실 지하2층 계단 옆,"일반(남,여) / 교통약자(남,여)",B2,Y
1740814,건축)대합실화장실-고속터미널(7)_지하1층,7호선,2736,고속터미널,734,20210527,,외부,지하,3,대합실 지하1층 3번 출입구 왼쪽,"일반(남,여) / 교통약자(남,여)",B1,N
1740815,건축)대합실화장실-내방_지하1층,7호선,2737,내방,735,20210527,,외부,지하,5~8,대합실 지하1층 5~8번 출입구방면,"일반(남,여) / 교통약자(남,여)",B1,Y
1740817,건축)대합실화장실-이수(7)_지하1층,7호선,2738,이수,736,20210527,,외부,지하,"7,8",지하1층 연결통로,"일반(남,여) / 교통약자(남,여)",B1,N
1740818,건축)대합실화장실-이수(7)_지하3층,7호선,2738,이수,736,20210527,,내부,지하,"7,8",지하3층 (가)개집표기 내부 상선 내부계단 옆,"일반(남,여) / 교통약자(남,여)",B3,Y
1740819,건축)대합실화장실-남성_지하2층,7호선,2739,남성,737,20210527,,내부,지하,"2,3",대합실 상선 내부계단 옆,"일반(남,여) / 교통약자(남,여)",B2,Y
1740820,건축)대합실화장실-숭실대입구_지하2층,7호선,2740,숭실대입구,738,20210527,,외부,지하,1~4,대합실 2층,"일반(남,여) / 교통약자(남,여)",B2,Y
1740821,건축)대합실화장실-상도_지하2층,7호선,2741,상도,739,20210527,,외부,지하,3~5,지하 2층 대합실 계단좌측,"일반(남,여) / 교통약자(남,여)",B2,Y
1740822,건축)대합실화장실-장승배기_지하2층,7호선,2742,장승배기,740,20210527,,외부,지하,"5,6","지하2층 대합실 5,6번 출입구방향 내부계단 옆","일반(남,여) / 교통약자(남,여)",B2,Y
1740824,건축)대합실화장실-신대방삼거리_지하2층,7호선,2743,신대방삼거리,741,20210527,,외부,지하,"1,2",대합실 2층,"일반(남,여) / 교통약자(남,여)",B2,Y
1740826,건축)대합실화장실-보라매_지하1층(대합실),7호선,2744,보라매,742,20210527,,외부,지하,3,대합실 1층 3번 출입구 방향,"일반(남,여) / 교통약자(남,여)",B1,Y
1740827,건축)대합실화장실-신풍_지하1층,7호선,2745,신풍,743,20210527,,외부,지하,5,대합실 1층 5번 출입구방향,"일반(남,여) / 교통약자(남,여)",B1,Y
1740828,건축)대합실화장실-대림(7)_지하1층,7호선,2746,대림,744,20210527,,외부,지하,"9,10",대합실 1층,"일반(남,여) / 교통약자(남,여)",B1,Y
1740829,건축)대합실화장실-남구로_지하1층,7호선,2747,남구로,745,20210527,,외부,지하,2~5,"대합실 1층 2~5번 출입구(E/S 7,8호기 옆)","일반(남,여) / 교통약자(남,여)",B1,N
1740830,건축)대합실화장실-가산디지털단지(7)_지하1층,7호선,2748,가산디지털단지,746,20210527,,외부,지하,4,대합실 1층 4번 출입구 방향,"일반(남,여) / 교통약자(남,여)",B1,N
1740831,건축)대합실화장실-철산_지하1층,7호선,2749,철산,747,20210527,,외부,지하,3,대합실 1층 3번 출입구 방향,"일반(남,여) / 교통약자(남,여)",B1,Y
1808405,건축)대합실화장실-암사역사공원,8호선,2810,암사역사공원,809,20240718,,외부,지하,3,대합실 B1층 3번 출입구 방향,"일반(남,여) / 교통약자(남,여)",B1,Y
1740848,건축)대합실화장실-암사_지하1층,8호선,2811,암사,810,20210527,,외부,지하,2,대합실 B1층 2번 출입구 방향,"일반(남,여) / 교통약자(남,여)",B1,Y
1740849,건축)대합실화장실-강동구청_지하2층,8호선,2813,강동구청,812,20210527,,외부,지하,"4,5",대합실 B2층 개집표기 옆,"일반(남,여) / 교통약자(남,여)",B2,Y
1740850,건축)대합실화장실-몽촌토성_지하1층,8호선,2814,몽촌토성,813,20210527,,외부,지하,"1,2,3","대합실 B1층 1,2,3번 출입구 방향","일반(남,여) / 교통약자(남,여)",B1,Y
1740851,건축)대합실화장실-잠실(8)_지하1층,8호선,2815,잠실,814,20210527,,외부,지하,11,B1층 11번 출입구 옆,"일반(남,여) / 교통약자(남,여)",B1,Y
1740852,건축)대합실화장실-석촌(8)_지하1층,8호선,2816,석촌,815,20210527,,외부,지하,"7,8",대합실 B1층 개집표기 옆,"일반(남,여) / 교통약자(남,여)",B1,Y
1740853,건축)대합실화장실-송파_지하1층,8호선,2817,송파,816,20210527,,외부,지하,1,대합실 B1층 1번 출입구 방향,"일반(남,여) / 교통약자(남,여)",B1,Y
1740854,건축)대합실화장실-가락시장(8)_지하1층,8호선,2818,가락시장,817,20210527,,외부,지하,2-1,B1층 대합실과 가락몰 연결통로 사이,"일반(남,여) / 교통약자(남,여)",B1,Y
1740855,건축)대합실화장실-문정_지하1층,8호선,2819,문정,818,20210527,,외부,지하,2,대합실 B1층 2번 출입구 방향,"일반(남,여) / 교통약자(남,여)",B1,Y
1740856,건축)대합실화장실-장지_지하1층,8호선,2820,장지,819,20210527,,외부,지하,"3,4","대합실 B1층 3,4번 출입구 방면","일반(남,여) / 교통약자(남,여)",B1,Y
1740857,건축)대합실화장실-복정(8)_지하1층,8호선,2821,복정,820,20210527,,외부,지하,1,대합실 지하1층 아이센터 근처,"일반(남,여) / 교통약자(남,여)",B1,Y
1740858,건축)대합실화장실-산성_지하1층,8호선,2822,산성,822,20210527,,외부,지하,"1,2","B1층 1,2번 출입구 계단 오른쪽","일반(남,여) / 교통약자(남,여)",B1,Y
1740859,건축)대합실화장실-남한산성입구_지하2층,8호선,2823,남한산성입구,823,20210527,,외부,지하,"1,2",대합실 지하2층 에스컬레이터 근처,"일반(남,여) / 교통약자(남,여)",B2,Y
1740860,건축)대합실화장실-단대오거리_지하1층,8호선,2824,단대오거리,824,20210527,,외부,지하,"6,7",대합실 지하1층 2호기E/V 옆,"일반(남,여) / 교통약자(남,여)",B1,Y
1740861,건축)대합실화장실-신흥_지하1층,8호선,2825,신흥,825,20210527,,외부,지하,"1,2","B1층 대합실 1,2번 출입구방면","일반(남,여) / 교통약자(남,여)",B1,Y
1740862,건축)대합실화장실-수진_지하1층,8호선,2826,수진,826,20210527,,외부,지하,"1,2",대합실 지하1층 편의점 옆,"일반(남,여) / 교통약자(남,여)",B1,Y
1740863,건축)대합실화장실-모란(8)_지하2층,8호선,2827,모란,827,20210527,,외부,지하,"10,11",B2층 대합실 상행 E/S 옆,"일반(남,여) / 교통약자(남,여)",B2,Y
1777636,건축)대합실화장실-남위례,8호선,2828,남위례,821,20220331,,외부,지상,1,대합실 지상2층 주출입구 근처,"일반(남,여) / 교통약자(남,여)",2,Y
