연번 ,구분 ,관리기관명,운영노선명 ,역명,소재지도로명주소 ,소재지지번주소 ,위도 ,경도 ,지상 또는 지하 구분,역층,게이트 내외 구분,(근접) 출입구 번호,상세위치 ,전화번호 ,개방시간 ,화장실 설치장소 유형,오물처리방식 ,남녀공용화장실여부 ,남성용-대변기수,남성용-유아용대변기수,남성용-소변기수 ,남성용-유아용소변기수,여성용-대변기수,여성용-유아용대변기수,공용-대변기수,공용-유아용대변기수,공용-소변기수 ,공용-유아용소변기수,기저귀교환대설치유무-남자장애인화장실,기저귀교환대설치유무-여자장애인화장실,기저귀교환대설치유무-공용장애인화장실,리모델링 연도,데이터기준일자
1,공중화장실(장애인),서울교통공사,1호선,서울, 서울특별시 중구 봉래동2가 122 서울역(1호선) , 서울특별시 중구 봉래동2가  ,37.556878,126.972578,지하,1,외부,2,지하1층 2번출입구 부근, 02-6110-1331 , 05:00~24:00 ,역사 내 화장실, 수세식 ,N,1,1,,,1,1,,,,,1,1,,2015,2024-06-28
2,공중화장실(장애인),서울교통공사,1호선,시청, 서울특별시 중구 정동 5-5 시청역(1호선) , 서울특별시 중구 정동 5-5 ,37.565682,126.976849,지하,1,외부,5,지하1층 5번출입구 부근, 02-6110-1321 , 05:00~24:00 ,역사 내 화장실, 수세식 ,N,1,1,,,1,1,,,,,1,1,,2013,2024-06-28
3,공중화장실(장애인),서울교통공사,1호선,종각, 서울특별시 종로구 종로1가 54 종각지하철역사 , 서울특별시 종로구 종로1가  ,37.570175,126.983226,지하,1,외부,1,지하1층 (가) 표 내는 곳 부근 (연결통로 부근 또는 시청측), 02-6110-1311 , 05:00~24:00 ,역사 내 화장실, 수세식 ,N,1,1,,,1,1,,,,,1,1,,2015,2024-06-28
4,공중화장실(장애인),서울교통공사,1호선,종각, 서울특별시 종로구 종로1가 54 종각지하철역사 , 서울특별시 종로구 종로1가  ,37.570175,126.983226,지하,1,외부,4,지하1층 (다) 표 내는 곳 부근 (종로3가측), 02-6110-1311 , 05:00~24:00 ,역사 내 화장실, 수세식 ,N,1,,,,1,,,,,,1,1,, 2008이전 ,2024-06-28
5,공중화장실(장애인),서울교통공사,1호선,종로3가, 서울특별시 종로3가 10-5  1호선 종로3가역(1호선) , 서울특별시 종로3가 10-5 ,37.57042,126.992153,지하,1,외부,1,지하1층 (가) 표 내는 곳 부근, 02-6110-1301 , 05:00~24:00 ,역사 내 화장실, 수세식 ,N,1,1,,,1,1,,,,,1,1,,2010,2024-06-28
6,공중화장실(장애인),서울교통공사,1호선,종로3가, 서울특별시 종로3가 10-5  1호선 종로3가역(1호선) , 서울특별시 종로3가 10-5 ,37.57042,126.992153,지하,1,내부,11,지하1층 (라) 표 내는 곳 부근 (역무실앞) [표 내는 곳 내], 02-6110-1301 , 05:00~24:00 ,역사 내 화장실, 수세식 ,Y,,,,,,,1,,,,,,, 2008이전 ,2024-06-28
7,공중화장실(장애인),서울교통공사,1호선,종로5가, 서울특별시 종로구 종로5가 82-1 1호선 종로5가역 , 서울특별시 종로구 종로5가  ,37.571743,127.011169,지하,1,외부,8,지하1층 지하상가 연결통로앞, 02-6110-1291 , 05:00~24:00 ,역사 내 화장실, 수세식 ,N,1,1,,,1,1,,,,,1,1,,2014,2024-06-28
8,공중화장실(장애인),서울교통공사,1호선,동대문, 서울특별시 종로구 창신동 492-1 1호선 동대문역(1호선) , 서울특별시 종로구 창신동 4 ,37.576087,127.02456,지하,1,외부,4,지하1층 4번출입구 부근, 02-6110-1281 , 05:00~24:00 ,역사 내 화장실, 수세식 ,N,1,1,,,1,1,,,,,1,1,,2016,2024-06-28
9,공중화장실(장애인),서울교통공사,1호선,동묘앞, 서울특별시 종로구 숭인동 117 동묘앞역(1호선) , 서울특별시 종로구 숭인동 1 ,37.573281,127.016649,지상,1,외부,2,1층 역무실 부근, 02-6110-1271 , 05:00~24:00 ,역사 내 화장실, 수세식 ,N,1,,,,1,,,,,,,,, 2008이전 ,2024-06-28
10,공중화장실(장애인),서울교통공사,1호선,동묘앞, 서울특별시 종로구 숭인동 117 동묘앞역(1호선) , 서울특별시 종로구 숭인동 1 ,37.573281,127.016649,지하,1,외부,3,지하1층 3번출입구 부근, 02-6110-1271 , 05:00~24:00 ,역사 내 화장실, 수세식 ,N,1,,,,1,,,,,,,,, 2008이전 ,2024-06-28
11,공중화장실(장애인),서울교통공사,1호선,동묘앞, 서울특별시 종로구 숭인동 117 동묘앞역(1호선) , 서울특별시 종로구 숭인동 1 ,37.573281,127.016649,지하,1,외부,2,하선승강장 7-3지점, 02-6110-1271 , 05:00~24:00 ,역사 내 화장실, 수세식 ,N,1,,,,1,,,,,,,,, 2008이전 ,2024-06-28
12,공중화장실(장애인),서울교통공사,1호선,동묘앞, 서울특별시 종로구 숭인동 117 동묘앞역(1호선) , 서울특별시 종로구 숭인동 1 ,37.573281,127.016649,지하,1,내부,3,상선승강장 4-3지점, 02-6110-1271 , 05:00~24:00 ,역사 내 화장실, 수세식 ,N,1,,,,1,,,,,,,,, 2008이전 ,2024-06-28
13,공중화장실(장애인),서울교통공사,1호선,신설동, 서울특별시 동대문구 신설동 76-5 신설동역(1호선) , 서울특별시 동대문구 신설동  ,37.578163,127.034687,지하,1,외부,1,대합실(지하1층) 역무실 앞, 02-6110-1261 , 05:00~24:00 ,역사 내 화장실, 수세식 ,N,1,1,,,1,1,,,,,1,1,,2014,2024-06-28
14,공중화장실(장애인),서울교통공사,1호선,제기동, 서울특별시 동대문구 제기동 65 제기동역 , 서울특별시 동대문구 제기동  ,37.579984,127.045547,지하,1,외부,2,2번출입구우측, 02-6110-1251 , 05:00~24:00 ,역사 내 화장실, 수세식 ,N,1,,,,1,,,,,,1,1,,2010,2024-06-28
15,공중화장실(장애인),서울교통공사,1호선,청량리, 서울특별시 동대문구 전농동 620-69 청량리역 , 서울특별시 동대문구 전농동  ,57.580037,127.044727,지하,1,외부,4,4번출입구 아래, 02-6110-1241 , 05:00~24:00 ,역사 내 화장실, 수세식 ,Y,,,,,,,1,,,,,,, 2008이전 ,2024-06-28
16,공중화장실(장애인),서울교통공사,2호선,시청, 서울특별시 중구 서소문동 90-1 시청역(2호선) , 서울특별시 중구 서소문동 9 ,37.563681,126.975598,지하,1,내부,10,지하1층 9 또는10번출입구 옆, 02-6110-2011 , 05:00~24:00 ,역사 내 화장실, 수세식 ,N,1,,,,1,,,,,,,,, 2008이전 ,2024-06-28
17,공중화장실(장애인),서울교통공사,2호선,시청, 서울특별시 중구 서소문동 90-1 시청역(2호선) , 서울특별시 중구 서소문동 9 ,37.563681,126.975598,지하,2,외부,11,지하2층 환승통로, 02-6110-2011 , 05:00~24:00 ,역사 내 화장실, 수세식 ,N,1,,,,1,1,,,,,1,1,,2013,2024-06-28
18,공중화장실(장애인),서울교통공사,2호선,을지로입구, 서울특별시 중구 을지로1가 100-1 을지로입구역 , 서울특별시 중구 을지로1가  ,37.566171,126.990203,지하,1,외부,4,지하1층 (다) 표 내는 곳 옆, 02-6110-2021 , 05:00~24:00 ,역사 내 화장실, 수세식 ,N,1,,,,1,,,,,,,,,2009,2024-06-28
19,공중화장실(장애인),서울교통공사,2호선,을지로3가, 서울특별시 중구 을지로3가 347-3 을지로3가역(2호선) , 서울특별시 중구 을지로3가  ,37.566489,126.996528,지하,1,외부,2,지하1층 (다) 표 내는 곳 옆, 02-6110-2031 , 05:00~24:00 ,역사 내 화장실, 수세식 ,N,1,,,,1,,,,,,1,1,,2009,2024-06-28
20,공중화장실(장애인),서울교통공사,2호선,을지로4가, 서울특별시 중구 을지로4가 267-1 을지로4가역(2호선) , 서울특별시 중구 을지로4가  ,37.565718,127.008485,지하,1,외부,2,지하1층 1 또는2번 출입구 옆, 02-6110-2041 , 05:00~24:00 ,역사 내 화장실, 수세식 ,N,1,1,,,1,1,,,,,1,1,,2012,2024-06-28
21,공중화장실(장애인),서울교통공사,2호선,동대문역사문화공원, 서울특별시 중구 을지로 7가 112-3 동대문역사문화공원역(2호선) , 서울특별시 중구 을지로 7가 ,37.565281,127.01664,지하,1,내부,1,대합실 1층 역무실 앞, 02-6110-2051 , 05:00~24:00 ,역사 내 화장실, 수세식 ,N,1,,,,1,,,,,,1,1,,2010,2024-06-28
22,공중화장실(장애인),서울교통공사,2호선,신당, 서울특별시 중구 신당동 99 신당역(2호선) , 서울특별시 중구 신당동 99 ,37.563933,127.029793,지하,1,외부,2,대합실 1층 22 또는23번기둥, 02-6110-2061 , 05:00~24:00 ,역사 내 화장실, 수세식 ,N,1,,,,1,,,,,,,,, 2008이전 ,2024-06-28
23,공중화장실(장애인),서울교통공사,2호선,상왕십리, 서울특별시 성동구 하왕십리동 946-14 상왕십리역 , 서울특별시 성동구 하왕십리동 ,37.562259,127.037228,지하,1,외부,5 또는6,대합실 1층 5 또는6번출입구 앞, 02-6110-2071 , 05:00~24:00 ,역사 내 화장실, 수세식 ,N,1,1,1,,1,1,,,,,1,1,, 2008이전 ,2024-06-28
24,공중화장실(장애인),서울교통공사,2호선,왕십리, 서울특별시 성동구 행당동 192 왕십리역(2호선) , 서울특별시 성동구 행당동 1 ,37.555259,127.043658,지하,1,외부, 6-1,지하1층 6-1번 출입구 쪽, 02-6110-2081 , 05:00~24:00 ,역사 내 화장실, 수세식 ,N,1,,,,1,,,,,,,,,2009,2024-06-28
25,공중화장실(장애인),서울교통공사,2호선,한양대, 서울특별시 성동구 행당동 산17 17 한양대역 , 서울특별시 성동구 행당동 산 ,37.547177,127.04738,지상,2,외부,2,고객센터 맞은편, 02-6110-2091 , 05:00~24:00 ,역사 내 화장실, 수세식 ,N,1,,,,1,,,,,,1,1,,2010,2024-06-28
26,공중화장실(장애인),서울교통공사,2호선,뚝섬, 서울특별시 성동구 성수동1가 656-745 뚝섬역 , 서울특별시 성동구 성수동1가 ,37.544601,127.056885,지상,2,외부,6,역무실 옆, 02-6110-2101 , 05:00~24:00 ,역사 내 화장실, 수세식 ,N,1,1,,,1,1,,,,,1,1,,2012,2024-06-28
27,공중화장실(장애인),서울교통공사,2호선,성수, 서울특별시 성동구 성수동2가 300-1 성수역 , 서울특별시 성동구 성수동2가 ,37.558689,127.053172,지상,2,외부,2,대합실 2층 2번출입구측  , 02-6110-2111 , 05:00~24:00 ,역사 내 화장실, 수세식 ,N,1,,,,1,,,,,,,,, 2008이전 ,2024-06-28
28,공중화장실(장애인),서울교통공사,2호선,건대입구, 서울특별시 광진구 화양동 7-3 2호선 건대입구역(2호선) , 서울특별시 광진구 화양동 7 ,37.5404075,127.069202,지상,2,내부,2,대합실 2층 통로 중앙, 02-6110-2121 , 05:00~24:00 ,역사 내 화장실, 수세식 ,N,1,,,,1,,,,,,1,1,,2009,2024-06-28
29,공중화장실(장애인),서울교통공사,2호선,구의, 서울특별시 광진구 구의동 245-24 2호선 구의역 , 서울특별시 광진구 구의동 2 ,37.5371752,127.08618,지상,2,외부,2,대합실 2층 통로 중앙, 02-6110-2131 , 05:00~24:00 ,역사 내 화장실, 수세식 ,N,1,,,,1,,,,,,1,1,,2022,2024-06-28
30,공중화장실(장애인),서울교통공사,2호선,강변, 서울특별시 광진구 구의동 546-6 2호선 강변역 , 서울특별시 광진구 구의동 5 ,37.53511804,127.09474,지상,1,외부,2,대합실 1층 통로 중앙, 02-6110-2141 , 05:00~24:00 ,역사 내 화장실, 수세식 ,N,1,,,,1,1,,,,,1,1,,2009,2024-06-28
31,공중화장실(장애인),서울교통공사,2호선,잠실나루, 서울특별시 송파구 신천동 15 잠실나루역 , 서울특별시 송파구 신천동 1 ,37.52071241,127.1038088,지상,1,외부,2,대합실 1층 통로 중앙, 02-6110-2151 , 05:00~24:00 ,역사 내 화장실, 수세식 ,N,1,1,,,1,1,,,,,1,1,,2010,2024-06-28
32,공중화장실(장애인),서울교통공사,2호선,잠실, 서울특별시 송파구 잠실동 8 잠실역(2호선) , 서울특별시 송파구 잠실동 8 ,37.513311,127.100231,지하,1,외부,1,대합실 1층 1 또는2번출입구 앞 , 02-6110-2161 , 05:00~24:00 ,역사 내 화장실, 수세식 ,N,1,,,,1,,,,,,,,,2009,2024-06-28
33,공중화장실(장애인),서울교통공사,2호선,잠실새내, 서울특별시 송파구 잠실동 33 잠실새내역 , 서울특별시 송파구 잠실동 3 ,37.511626,127.086314,지하,1,외부,2,대합실 1층 2번출입구 앞, 02-6110-2171 , 05:00~24:00 ,역사 내 화장실, 수세식 ,N,1,1,,,1,1,,,,,1,1,,2010,2024-06-28
34,공중화장실(장애인),서울교통공사,2호선,종합운동장, 서울특별시 송파구 잠실동 122 종합운동장역 , 서울특별시 송파구 잠실동 1 ,37.51114466,127.073849,지하,1,외부,1,대합실 1층 1 또는2번출입구 앞 (잠실새내측), 02-6110-2181 , 05:00~24:00 ,역사 내 화장실, 수세식 ,N,1,1,,,1,1,,,,,1,1,,2010,2024-06-28
35,공중화장실(장애인),서울교통공사,2호선,종합운동장, 서울특별시 송파구 잠실동 122 종합운동장역 , 서울특별시 송파구 잠실동 1 ,37.51114466,127.073849,지하,1,외부,5,대합실 1층 5번출입구 앞 (삼성측), 02-6110-2181 , 05:00~24:00 ,역사 내 화장실, 수세식 ,Y,,,,,,,1,,,,,,, 2008이전 ,2024-06-28
36,공중화장실(장애인),서울교통공사,2호선,삼성, 서울특별시 강남구 삼성동 172-66 삼성역 , 서울특별시 강남구 삼성동 1 ,37.518622,127.1049,지하,1,외부,3,대합실 1층 통로 중앙, 02-6110-2191 , 05:00~24:00 ,역사 내 화장실, 수세식 ,N,1,,,,1,,,,,,1,1,,2009,2024-06-28
37,공중화장실(장애인),서울교통공사,2호선,선릉, 서울특별시 강남구 삼성동 172-66 선릉역 , 서울특별시 강남구 삼성동 1 ,37.517661,127.074659,지하,1,외부,1,대합실 1층 1번출입구 앞, 02-6110-2201 , 05:00~24:00 ,역사 내 화장실, 수세식 ,N,1,1,,,1,1,,,,,1,1,,2013,2024-06-28
38,공중화장실(장애인),서울교통공사,2호선,역삼, 서울특별시 강남구 역삼동 804 역삼역 , 서울특별시 강남구 역삼동 8 ,57.50067442,127.0364694,지하,2,외부,3,대합실 2층 통로 중앙, 02-6110-2211 , 05:00~24:00 ,역사 내 화장실, 수세식 ,N,1,,,,1,,,,,,1,1,,2022,2024-06-28
39,공중화장실(장애인),서울교통공사,2호선,강남, 서울특별시 강남구 역삼동 858 강남역 , 서울특별시 강남구 역삼동 8 ,37.49808634,127.0280014,지하,1,내부,12,대합실 1층 역무실쪽(1 또는12번출입구쪽) 또는표 내는 곳 내부, 02-6110-2221 , 05:00~24:00 ,역사 내 화장실, 수세식 ,N,1,,,,1,,,,,,1,1,,2009,2024-06-28
40,공중화장실(장애인),서울교통공사,2호선,교대, 서울특별시 서초구 서초동 1748-4 교대역(2호선) , 서울특별시 서초구 서초동 1 ,37.4939,127.0143838,지하,1,외부,4,대합실 1층 1 또는2 또는3 또는4 또는번출입구 쪽, 02-6110-2231 , 05:00~24:00 ,역사 내 화장실, 수세식 ,N,1,1,,,1,,,,,,1,1,,2017,2024-06-28
41,공중화장실(장애인),서울교통공사,2호선,서초, 서울특별시 서초구 서초동 1748-5 서초역 , 서울특별시 서초구 서초동 1 ,37.49184993,127.0076621,지하,1,외부,1,대합실1층 (1 또는2 또는7 또는8번 출입구쪽) 또는표 내는 곳 외부, 02-6110-2241 , 05:00~24:00 ,역사 내 화장실, 수세식 ,N,1,1,,,1,1,,,,,1,1,,2010,2024-06-28
42,공중화장실(장애인),서울교통공사,2호선,방배, 서울특별시 서초구 방배동 912-14 방배역 , 서울특별시 서초구 방배동 9 ,37.508826,127.063067,지하,1,외부,4,서초방면 대합실 끝(1 또는4번 출입구방향) 또는표 내는 곳 외부, 02-6110-2251 , 05:00~24:00 ,역사 내 화장실, 수세식 ,N,1,,,,1,,,,,,,,,2009,2024-06-28
43,공중화장실(장애인),서울교통공사,2호선,사당, 서울특별시 동작구 사당동 1129 사당역(2호선) , 서울특별시 동작구 사당동 1 ,37.47656223,126.9815586,지하,1,외부,1,지하1층 대합실 1 또는2번 출입구 쪽(방배측), 02-6110-2261 , 05:00~24:00 ,역사 내 화장실, 수세식 ,Y,,,,,,,1,,,,,,, 2008이전 ,2024-06-28
44,공중화장실(장애인),서울교통공사,2호선,사당, 서울특별시 동작구 사당동 1129 사당역(2호선) , 서울특별시 동작구 사당동 1 ,37.47656223,126.9815586,지하,1,외부,7,지하1층 대합실 7 또는8번 출입구 쪽(낙성대측), 02-6110-2261 , 05:00~24:00 ,역사 내 화장실, 수세식 ,N,1,1,,,1,1,,,,,1,1,,2013,2024-06-28
45,공중화장실(장애인),서울교통공사,2호선,낙성대, 서울특별시 관악구 봉천동 1693-39 2호선 낙성대역사 , 서울특별시 관악구 봉천동 1 ,37.47709324,126.9635239,지하,1,외부,5,대합실 1층 고객안내부스앞(3 또는4 또는5 또는6번출입구쪽), 02-6110-2271 , 05:00~24:00 ,역사 내 화장실, 수세식 ,N,1,1,,,1,1,,,,,1,1,,2010,2024-06-28
46,공중화장실(장애인),서울교통공사,2호선,서울대입구, 서울특별시 관악구 봉천동 979-2 서울대입구역사 , 서울특별시 관악구 봉천동 9 ,37.492765,127.010541,지하,1,외부,8,대합실 1층 (7 또는8번출입구쪽), 02-6110-2281 , 05:00~24:00 ,역사 내 화장실, 수세식 ,N,1,1,,,1,1,,,,,1,1,,2018,2024-06-28
47,공중화장실(장애인),서울교통공사,2호선,봉천, 서울툭별시 관악구 봉천동 979-7 2호선 봉천역사 , 서울툭별시 관악구 봉천동 9 ,37.481297,126.99732,지하,1,외부,2,대합실1층 또는 안내부스맞은편(2출입구쪽)표 내는 곳 외부, 02-6110-2291 , 05:00~24:00 ,역사 내 화장실, 수세식 ,N,1,1,,,1,1,,,,,1,1,,2010,2024-06-28
48,공중화장실(장애인),서울교통공사,2호선,신림, 서울특별시 관악구 신림동 1467-10 2호선 신림역사 , 서울특별시 관악구 신림동 1 ,37.48426714,126.9297454,지하,1,내부,4,대합실 1층 역무실 맞은편(3 또는4번출입구쪽) 또는표 내는 곳 내부, 02-6110-2301 , 05:00~24:00 ,역사 내 화장실, 수세식 ,N,1,,,,1,1,,,,,1,1,,2010,2024-06-28
49,공중화장실(장애인),서울교통공사,2호선,신대방, 서울특별시 동작구 신대방동 643-1 신대방역 2호선 , 서울특별시 동작구 신대방동  ,37.48765046,126.9135075,지상,2,내부,4,대합실 2층 역무실쪽(1 또는4번출입구쪽) 또는 표 내는 곳 내부, 02-6110-2311 , 05:00~24:00 ,역사 내 화장실, 수세식 ,N,1,1,,,1,1,,,,,1,1,,2011,2024-06-28
50,공중화장실(장애인),서울교통공사,2호선,구로디지털단지, 서울특별시 구로구 구로동 810-3 구로디지털단지역 , 서울특별시 구로구 구로동 8 ,37.477028,126.963396,지상,2,내부,1,지상2층 또는 역무실 앞 (표 내는 곳 내부), 02-6110-2321 , 05:00~24:00 ,역사 내 화장실, 수세식 ,N,1,,,,1,,,,,,1,1,,2019,2024-06-28
51,공중화장실(장애인),서울교통공사,2호선,대림, 서울특별시 구로구 구로동 1204 대림역(2호선) , 서울특별시 구로구 구로동 1 ,37.481113,126.952634,지상,2,내부,6,지상2층 또는 대합실 중앙(표 내는 곳 내부), 02-6110-2331 , 05:00~24:00 ,역사 내 화장실, 수세식 ,N,1,,,,1,,,,,,1,1,,2019,2024-06-28
52,공중화장실(장애인),서울교통공사,2호선,신도림, 서울특별시 구로구 신도림동 460-26 2호선 신도림역 , 서울특별시 구로구 신도림동  ,37.482518,126.941481,지하,1,내부,1,지하1층 대합실 (표 내는 곳 내부 또는 1번출입구방향), 02-6110-2341 , 05:00~24:00 ,역사 내 화장실, 수세식 ,N,1,1,,1,1,1,,,,,1,1,,2011,2024-06-28
53,공중화장실(장애인),서울교통공사,2호선,신도림, 서울특별시 구로구 신도림동 460-26 2호선 신도림역 , 서울특별시 구로구 신도림동  ,37.484178,126.929789,지하,1,외부,1,지하1층 대합실(표 내는 곳 외부 또는1번출입구방향), 02-6110-2341 , 05:00~24:00 ,역사 내 화장실, 수세식 ,N,1,1,,1,1,1,,,,,1,1,,2011,2024-06-28
54,공중화장실(장애인),서울교통공사,2호선,문래, 서울특별시 영등포구 문래동3가 68-1문래역 , 서울특별시 영등포구 문래동3 ,37.48751,126.912991,지하,1,외부,3,지하1층 대합실(표 내는 곳 외부 또는 2 또는3번출입구방향), 02-6110-2351 , 05:00~24:00 ,역사 내 화장실, 수세식 ,N,1,,,,1,,,,,,1,1,,2011,2024-06-28
55,공중화장실(장애인),서울교통공사,2호선,영등포구청, 서울특별시 영등포구 당산동3가 270-1 영등포구청역(2호선) , 서울특별시 영등포구 당산동3 ,37.485127,126.901529,지하,1,내부,2,지하1층 대합실(표 내는 곳 내부 또는 환승통로입구), 02-6110-2361 , 05:00~24:00 ,역사 내 화장실, 수세식 ,N,1,1,,,1,,,,,,1,1,,2009,2024-06-28
56,공중화장실(장애인),서울교통공사,2호선,당산, 서울특별시 영등포구 당산동 6가 323-1 당산역 , 서울특별시 영등포구 당산동  ,37.53478432,126.9026118,지상,2,내부,4,지상2층 또는 대합실 중앙(표 내는 곳 내부), 02-6110-2371 , 05:00~24:00 ,역사 내 화장실, 수세식 ,N,1,,,,1,1,,,,,,1,,2009,2024-06-28
57,공중화장실(장애인),서울교통공사,2호선,합정, 서울특별시 마포구 서교동 393 합정역(2호선) , 서울특별시 마포구 서교동 3 ,37.54991316,126.9144541,지하,1,내부,1,지하1층대합실 또는 1 또는2번출입구, 02-6110-2381 , 05:00~24:00 ,역사 내 화장실, 수세식 ,N,1,,,,1,,,,,,,,, 2008이전 ,2024-06-28
58,공중화장실(장애인),서울교통공사,2호선,홍대입구, 서울특별시 마포구 동교동 165 홍대입구역 , 서울특별시 마포구 동교동 1 ,37.514401,126.882685,지하,1,외부,2,지하1층대합실 또는 2번출입구 옆 , 02-6110-2391 , 05:00~24:00 ,역사 내 화장실, 수세식 ,N,1,,,,1,,,,,,,,,2011,2024-06-28
59,공중화장실(장애인),서울교통공사,2호선,신촌, 서울특별시 마포구 노고산동 31-11 신촌역 , 서울특별시 마포구 노고산동  ,37.512518,126.865711,지하,1,외부,5,지하1층대합실 또는 5번출입구 옆 , 02-6110-2401 , 05:00~24:00 ,역사 내 화장실, 수세식 ,N,1,,,,1,,,,,,,,, 2008이전 ,2024-06-28
60,공중화장실(장애인),서울교통공사,2호선,이대, 서울특별시 마포구 염리동 8-85 이대역 , 서울특별시 마포구 염리동 8 ,37.518294,126.853619,지하,1,외부,5,지하1층 대합실 5번출입구 옆, 02-6110-2411 , 05:00~24:00 ,역사 내 화장실, 수세식 ,N,1,1,,,1,1,,,,,1,1,1,2017,2024-06-28
61,공중화장실(장애인),서울교통공사,2호선,아현, 서울특별시 마포구 아현동 354-23 아현역 , 서울특별시 마포구 아현동 3 ,37.517887,126.894751,지하,1,외부,4,지하1층 대합실 이대역방면 끝단, 02-6110-2421 , 05:00~24:00 ,역사 내 화장실, 수세식 ,N,1,,,,1,,,,,,1,1,,2009,2024-06-28
62,공중화장실(장애인),서울교통공사,2호선,충정로, 서울특별시 서대문구 충정로3가 319-1 충정로역(2호선) , 서울특별시 서대문구 충정로3 ,37.525656,126.896614,지하,2,외부,6,지하2층 아현방면 끝단, 02-6110-2431 , 05:00~24:00 ,역사 내 화장실, 수세식 ,N,1,,,,1,,,,,,1,1,,2018,2024-06-28
63,공중화장실(장애인),서울교통공사,2호선,신설동, 서울특별시 동대문구 신설동 76-5 신설동역(2호선) , 서울특별시 동대문구 신설동  ,37.534931,126.90273,지하,1,내부,7,대합실(지하1층) 역무실 옆, 02-6110-1371 , 05:00~24:00 ,역사 내 화장실, 수세식 ,Y,,,,,,,1,,,,,,, 2008이전 ,2024-06-28
64,공중화장실(장애인),서울교통공사,2호선,용두, 서울특별시 동대문구 용두동 47-1 용두역 , 서울특별시 동대문구 용두동  ,37.57406213,127.0382757,지하,1,외부,5,(내선대합실)5번출입구 입구, 02-6110-1361 , 05:00~24:00 ,역사 내 화장실, 수세식 ,N,1,,,,1,,,,,,,,, 2008이전 ,2024-06-28
65,공중화장실(장애인),서울교통공사,2호선,용두, 서울특별시 동대문구 용두동 47-1 용두역 , 서울특별시 동대문구 용두동  ,37.57406213,127.0382757,지하,1,외부,2,(외선대합실)1 또는2번 출입구 입구, 02-6110-1361 , 05:00~24:00 ,역사 내 화장실, 수세식 ,N,1,,,,1,,,,,,,,, 2008이전 ,2024-06-28
66,공중화장실(장애인),서울교통공사,2호선,용두, 서울특별시 동대문구 용두동 47-1 용두역 , 서울특별시 동대문구 용두동  ,37.57406213,127.0382757,지하,1,내부,5,(내선승강장)3-3 승강장 앞, 02-6110-1361 , 05:00~24:00 ,역사 내 화장실, 수세식 ,Y,,,,,,,1,,,,,,, 2008이전 ,2024-06-28
67,공중화장실(장애인),서울교통공사,2호선,용두, 서울특별시 동대문구 용두동 47-1 용두역 , 서울특별시 동대문구 용두동  ,37.57406213,127.0382757,지하,1,내부,2,(외선승강장)2-2 승강장 앞, 02-6110-1361 , 05:00~24:00 ,역사 내 화장실, 수세식 ,Y,,,,,,,1,,,,,,, 2008이전 ,2024-06-28
68,공중화장실(장애인),서울교통공사,2호선,신답, 서울특별시 성동구 용답동 129-2 신답역 , 서울특별시 성동구 용답동 1 ,37.55589,126.955661,지상,1,내부,1,1층 대합실, 02-6110-1351 , 05:00~24:00 ,역사 내 화장실, 수세식 ,N,1,,,,1,,,,,,1,1,,2020,2024-06-28
69,공중화장실(장애인),서울교통공사,2호선,용답, 서울특별시 성동구 용답동 127 용답역 , 서울특별시 성동구 용답동 1 ,37.559493,126.963818,지상,1,외부,1,대합실, 02-6110-1341 , 05:00~24:00 ,역사 내 화장실, 수세식 ,Y,,,,,,,1,,,,,,1, 2008이전 ,2024-06-28
70,공중화장실(장애인),서울교통공사,2호선,도림천, 서울특별시 구로구 신도림동 323-16 도림천역 , 서울특별시 구로구 신도림동  ,37.637537,126.918588,지상,1,외부,1,지상1층 또는 역무실 옆(표 내는 곳 외부), 02-6110-2441 , 05:00~24:00 ,역사 내 화장실, 수세식 ,N,1,,,,1,,,,,,,,,2024,2024-06-28
71,공중화장실(장애인),서울교통공사,2호선,양천구청, 서울특별시 양천구 신정동 276-7 양천구청역 , 서울특별시 양천구 신정동 2 ,37.618888,126.920832,지하,1,내부,1,지하1층 또는 대합실(표 내는 곳 내부 또는 신청자량사업소출입구 옆), 02-6110-2451 , 05:00~24:00 ,역사 내 화장실, 수세식 ,N,1,,,,1,,,,,,1,1,,2014,2024-06-28
72,공중화장실(장애인),서울교통공사,2호선,신정네거리, 서울특별시 양천구 신정동 1231 신정네거리역 , 서울특별시 양천구 신정동 1 ,37.610483,126.929288,지하,1,외부,3,지하1층 대합실(표 내는 곳 외부 또는 2번 또는 3번 출입구방향), 02-6110-2461 , 05:00~24:00 ,역사 내 화장실, 수세식 ,N,1,,,,1,,,,,,1,1,,2010,2024-06-28
73,공중화장실(장애인),서울교통공사,3호선,구파발, 서울특별시 은평구 진관동 67-26 3호선 구파발역 , 서울특별시 은평구 진관동 6 ,37.600702,126.936005,지하,1,외부,4,지하1층 대합실 (가) 표 내는 곳 외부, 02-6110-3201 , 05:00~24:00 ,역사 내 화장실, 수세식 ,N,1,,,,1,,,,,,1,1,,2010,2024-06-28
74,공중화장실(장애인),서울교통공사,3호선,연신내, 서울특별시 은평구 갈현동 397 연신내역(3호선) , 서울특별시 은평구 갈현동 3 ,37.588672,126.944227,지하,1,내부,3,지하 1층 대합실 라 표 내는 곳 내부, 02-6110-3211 , 05:00~24:00 ,역사 내 화장실, 수세식 ,N,1,1,,,1,1,,,,,1,1,,2018,2024-06-28
75,공중화장실(장애인),서울교통공사,3호선,불광, 서울특별시 은평구 대조동 14-1 불광역(3호선) , 서울특별시 은평구 대조동 1 ,37.582361,126.950438,지하,1,외부,3,지하1층 대합실 (나) 표 내는 곳 외부, 02-6110-3221 , 05:00~24:00 ,역사 내 화장실, 수세식 ,N,1,1,,,1,1,,,,,1,1,,2015,2024-06-28
76,공중화장실(장애인),서울교통공사,3호선,녹번, 서울특별시 은평구 녹번동 55 지하철3호선 녹번역 , 서울특별시 은평구 녹번동 5 ,37.574301,126.955918,지하,1,외부,5,지하1층 대합실 표 내는 곳 외부, 02-6110-3231 , 05:00~24:00 ,역사 내 화장실, 수세식 ,N,1,1,,,1,1,,,,,,,1,2017,2024-06-28
77,공중화장실(장애인),서울교통공사,3호선,홍제, 서울특별시 서대문구 홍제동 161-1 홍제역 , 서울특별시 서대문구 홍제동  ,37.57582,126.973058,지하,2,외부,2,지하2층 대합실 (다) 표 내는 곳 앞, 02-6110-3241 , 05:00~24:00 ,역사 내 화장실, 수세식 ,N,1,,,,1,,,,,,,,, 2008이전 ,2024-06-28
78,공중화장실(장애인),서울교통공사,3호선,홍제, 서울특별시 서대문구 홍제동 161-1 홍제역 , 서울특별시 서대문구 홍제동  ,37.57582,126.973058,지하,1,외부,2,지하1층 대합실 상가(다이소) 옆, 02-6110-3241 , 05:00~24:00 ,역사 내 화장실, 수세식 ,N,,,,,,,,,,,,,, 2008이전 ,2024-06-28
79,공중화장실(장애인),서울교통공사,3호선,무악재, 서울특별시 서대문구 홍제동 26-1 무악재역 , 서울특별시 서대문구 홍제동  ,37.576696,126.985804,지하,2,내부,1,지하2층 대합실 (가) 표 내는 곳 내부, 02-6110-3251 , 05:00~24:00 ,역사 내 화장실, 수세식 ,N,1,,,,1,,,,,,1,,,2021,2024-06-28
80,공중화장실(장애인),서울교통공사,3호선,독립문, 서울특별시 서대문구 현저동 101 독립문역 , 서울특별시 서대문구 현저동  ,37.57446628,126.9579137,지하,2,내부, 3-1,지하2층 대합실 (나) 표 내는 곳 내부, 02-6110-3261 , 05:00~24:00 ,역사 내 화장실, 수세식 ,N,1,,1,,1,,,,,,1,1,,2012,2024-06-28
81,공중화장실(장애인),서울교통공사,3호선,경복궁, 서울특별시 종로구 적선동 81-1 3호선 경복궁역 , 서울특별시 종로구 적선동 8 ,37.571196,126.991959,지하,2,내부,3,지하2층 대합실 (가) 표 내는 곳 내부, 02-6110-3271 , 05:00~24:00 ,역사 내 화장실, 수세식 ,N,1,1,,,1,1,,,,,1,1,,2016,2024-06-28
82,공중화장실(장애인),서울교통공사,3호선,안국, 서울특별시 종로구 안국동 155-2 3호선 안국역 , 서울특별시 종로구 안국동 1 ,37.566412,126.994185,지하,3,외부,4,지하3층 대합실 A계단 방면, 02-6110-3281 , 05:00~24:00 ,역사 내 화장실, 수세식 ,N,1,1,,,1,1,,,,,1,1,,2012,2024-06-28
83,공중화장실(장애인),서울교통공사,3호선,종로3가, 서울특별시 종로구 묘동 59 종로3가역(3호선) , 서울특별시 종로구 묘동 59 ,37.57156329,126.9918758,지하,3,내부,7,지하3층, 02-6110-3291 , 05:00~24:00 ,역사 내 화장실, 수세식 ,N,1,1,1,,1,1,,,,,1,1,,2010,2024-06-28
84,공중화장실(장애인),서울교통공사,3호선,종로3가, 서울특별시 종로구 묘동 59 종로3가역(3호선) , 서울특별시 종로구 묘동 59 ,37.57156329,126.9918758,지하,2,내부,7,지하2층, 02-6110-3291 , 05:00~24:00 ,역사 내 화장실, 수세식 ,N,1,,,,1,,,,,,,,, 2008이전 ,2024-06-28
85,공중화장실(장애인),서울교통공사,3호선,을지로3가, 서울특별시 중구 을지로3가 282-8 을지로3가역(3호선) , 서울특별시 중구 을지로3가  ,37.548038,127.015883,지하,2,내부,3,가 대합실 역무실 아래 지하 2층, 02-6110-3301 , 05:00~24:00 ,역사 내 화장실, 수세식 ,N,1,,,,1,,,,,,1,1,,2019,2024-06-28
86,공중화장실(장애인),서울교통공사,3호선,동대입구, 서울특별시 중구 장충동2가 199-3 동대입구역 3호선 , 서울특별시 중구 장충동2가  ,37.55905582,127.005316,지하,2,내부,6,"대합실 2층 ""가"" 표 내는 곳 앞", 02-6110-3321 , 05:00~24:00 ,역사 내 화장실, 수세식 ,N,1,1,1,,1,,,,,,1,1,,2010,2024-06-28
87,공중화장실(장애인),서울교통공사,3호선,약수, 서울특별시 중구 신당동 369-44 약수역(3호선) , 서울특별시 중구 신당동 36 ,37.569744,127.046945,지하,1,내부,3,(지하1층 표 내는 곳 내 대합실), 02-6110-3331 , 05:00~24:00 ,역사 내 화장실, 수세식 ,N,1,1,1,,1,,,,,,1,,,2012,2024-06-28
88,공중화장실(장애인),서울교통공사,3호선,금호, 서울특별시 성동구 금호동4가 1470 금호역 , 서울특별시 성동구 금호동4가 ,37.54826092,127.0158292,지하,1,내부,4,지하1층 (가) 표 내는 곳 내 대합실, 02-6110-3341 , 05:00~24:00 ,역사 내 화장실, 수세식 ,N,1,1,1,,1,1,,,,,1,1,,2024,2024-06-28
89,공중화장실(장애인),서울교통공사,3호선,옥수, 서울특별시 성동구 옥수동 168-1 옥수역 , 서울특별시 성동구 옥수동 1 ,37.54156628,127.0173938,지상,3,내부,3,3층 환승통로측, 02-6110-3351 , 05:00~24:00 ,역사 내 화장실, 수세식 ,N,1,,,,1,,,,,,1,1,,2017,2024-06-28
90,공중화장실(장애인),서울교통공사,3호선,옥수, 서울특별시 성동구 옥수동 168-1 옥수역 , 서울특별시 성동구 옥수동 1 ,37.54156628,127.0173938,지상,3,내부,7,3층 금호역측, 02-6110-3351 , 05:00~24:00 ,역사 내 화장실, 수세식 ,Y,,,,,,,1,,,,,,, 2008이전 ,2024-06-28
91,공중화장실(장애인),서울교통공사,3호선,압구정, 서울특별시 강남구 신사동 668 압구정역 , 서울특별시 강남구 신사동 6 ,37.513082,127.011857,지하,1,외부,5,지하 1층, 02-6110-3361 , 05:00~24:00 ,역사 내 화장실, 수세식 ,N,1,1,,,1,1,,,,,1,,,2009,2024-06-28
92,공중화장실(장애인),서울교통공사,3호선,신사, 서울특별시 강남구 신사동 667 신사역 , 서울특별시 강남구 신사동 6 ,37.494847,127.017286,지하,1,내부,4,지하 1층, 02-6110-3371 , 05:00~24:00 ,역사 내 화장실, 수세식 ,N,1,,,,1,,,,,,,1,,2009,2024-06-28
93,공중화장실(장애인),서울교통공사,3호선,잠원, 서울특별시 서초구 잠원동 100-1 잠원역 , 서울특별시 서초구 잠원동 1 ,37.486661,127.015218,지하,1,내부,4,지하1층 표 내는 곳 내 대합실, 02-6110-3381 , 05:00~24:00 ,역사 내 화장실, 수세식 ,N,1,1,,,1,1,,,,,1,1,,2017,2024-06-28
94,공중화장실(장애인),서울교통공사,3호선,교대, 서울특별시 서초구 서초동 1748-4 교대역(3호선) , 서울특별시 서초구 서초동 1 ,37.484761,127.033371,지하,1,외부,12,대합실1층 역무실 맞은편 또는표 내는 곳 외부, 02-6110-3401 , 05:00~24:00 ,역사 내 화장실, 수세식 ,N,1,1,,,1,1,,,,,1,1,,2009,2024-06-28
95,공중화장실(장애인),서울교통공사,3호선,남부터미널, 서울특별시 서초구 서초동 1748-30 남부터미널역 , 서울특별시 서초구 서초동 1 ,37.486941,127.046621,지하,2,내부,1,대합실 B2층 역무실 앞, 02-6110-3411 , 05:00~24:00 ,역사 내 화장실, 수세식 ,N,1,,,,1,,,,,,,,,2009,2024-06-28
96,공중화장실(장애인),서울교통공사,3호선,양재, 서울특별시 서초구 서초동 1366-9 양재역 , 서울특별시 서초구 서초동 1 ,37.490825,127.055306,지하,1,내부,4,대합실 B1층 상선 방향(9-4) 또는 표 내는 곳 내, 02-6110-3421 , 05:00~24:00 ,역사 내 화장실, 수세식 ,N,1,,,,1,,,,,,1,1,,2019,2024-06-28
97,공중화장실(장애인),서울교통공사,3호선,매봉, 서울특별시 강남구 도곡동 179-2 매봉역 , 서울특별시 강남구 도곡동 1 ,37.494543,127.063426,지하,1,외부,2,대합실 B1층 표 내는 곳옆, 02-6110-3431 , 05:00~24:00 ,역사 내 화장실, 수세식 ,N,1,1,,,1,1,,,,,1,1,,2019,2024-06-28
98,공중화장실(장애인),서울교통공사,3호선,도곡, 서울특별시 강남구 도곡동 339-2 도곡역 , 서울특별시 강남구 도곡동 3 ,37.496679,127.071705,지하,2,외부,4,대합실  B2층  표 내는 곳 밬, 02-6110-3441 , 05:00~24:00 ,역사 내 화장실, 수세식 ,N,1,1,,,1,1,,,,,1,1,,2019,2024-06-28
99,공중화장실(장애인),서울교통공사,3호선,대치, 서울특별시 강남구 대치동 317-3 대치역 , 서울특별시 강남구 대치동 3 ,37.493686,127.079479,지하,1,내부,6,대합실 B1층 역무실 앞, 02-6110-3451 , 05:00~24:00 ,역사 내 화장실, 수세식 ,N,1,1,,,1,1,,,,,1,1,,2015,2024-06-28
100,공중화장실(장애인),서울교통공사,3호선,학여울, 서울특별시 강남구 대치동 514-3 학여울역 , 서울특별시 강남구 대치동 5 ,37.483953,127.084413,지하,4,외부,1,대합실 B4층 외부 EL 옆 (표 내는 곳 외부), 02-6110-3461 , 05:00~24:00 ,역사 내 화장실, 수세식 ,N,1,1,,,1,1,,,,,1,1,,2018,2024-06-28
101,공중화장실(장애인),서울교통공사,3호선,대청, 서울특별시 강남구 일원동 700-9 대청역 , 서울특별시 강남구 일원동 7 ,37.48735,127.101842,지하,2,내부,4,대합실  B2층 상선 표 내는 곳안, 02-6110-3471 , 05:00~24:00 ,역사 내 화장실, 수세식 ,N,1,1,,,1,1,,,,,1,1,,2020,2024-06-28
102,공중화장실(장애인),서울교통공사,3호선,일원, 서울특별시 강남구 일원동 717 일원역 , 서울특별시 강남구 일원동 7 ,37.48398867,127.0841298,지하,2,외부,7,대합실 B2층 7번출입구옆 또는 역무실 앞, 02-6110-3481 , 05:00~24:00 ,역사 내 화장실, 수세식 ,N,1,,,,1,,,,,,1,1,,2018,2024-06-28
103,공중화장실(장애인),서울교통공사,3호선,수서, 서울특별시 강남구 수서동 728 수서역 , 서울특별시 강남구 수서동 7 ,37.48756025,127.1024105,지하,1,내부,2,대합실 B1층 역무실좌측(표 내는 곳 내부), 02-6110-3491 , 05:00~24:00 ,역사 내 화장실, 수세식 ,N,1,1,,,1,1,,,,,1,1,,2009,2024-06-28
104,공중화장실(장애인),서울교통공사,3호선,가락시장, 서울특별시 송파구 가락동 184-23 가락시장역 , 서울특별시 송파구 가락동 1 ,37.49224932,127.1176417,지하,2,내부,2,대합실 B2층 고객상담실앞(표 내는 곳 내부), 02-6110-3501 , 05:00~24:00 ,역사 내 화장실, 수세식 ,N,1,,,,1,,,,,,,,,2010,2024-06-28
105,공중화장실(장애인),서울교통공사,3호선,가락시장, 서울특별시 송파구 가락동 184-23 가락시장역 , 서울특별시 송파구 가락동 1 ,37.49224932,127.1176417,지하,2,외부,2,대합실 B2층 고객상담실앞(표 내는 곳 외부), 02-6110-3501 , 05:00~24:00 ,역사 내 화장실, 수세식 ,Y,,,,,,,1,1,,1,,,,2010,2024-06-28
106,공중화장실(장애인),서울교통공사,3호선,경찰병원, 서울특별시 송파구 가락동 10-15 경찰병원역 , 서울특별시 송파구 가락동 1 ,37.49600492,127.1244824,지하,1,내부,2,대합실 B1층 역무실 앞(표 내는 곳 내부), 02-6110-3512 , 05:00~24:00 ,역사 내 화장실, 수세식 ,N,1,,,,1,,,,,,,,,2010,2024-06-28
107,공중화장실(장애인),서울교통공사,3호선,경찰병원, 서울특별시 송파구 가락동 10-15 경찰병원역 , 서울특별시 송파구 가락동 1 ,37.49600492,127.1244824,지하,1,외부,2,대합실 B1층 고객안내부스옆(표 내는 곳 외부), 02-6110-3512 , 05:00~24:00 ,역사 내 화장실, 수세식 ,Y,,,,,,,1,,,,,,,2010,2024-06-28
108,공중화장실(장애인),서울교통공사,3호선,오금, 서울특별시 송파구 오금동 44-2 오금역 , 서울특별시 송파구 오금동 4 ,37.50232209,127.1284828,지하,1,내부,2,대합실 B1층 1 또는2번출입구옆(표 내는 곳 내부), 02-6110-3522 , 05:00~24:00 ,역사 내 화장실, 수세식 ,N,1,,,,1,,,,,,,,,2010,2024-06-28
109,공중화장실(장애인),서울교통공사,3호선,오금, 서울특별시 송파구 오금동 44-2 오금역 , 서울특별시 송파구 오금동 4 ,37.50232209,127.1284828,지하,1,외부,2,대합실 B1층 1 또는2번출입구옆(표 내는 곳 외부), 02-6110-3522 , 05:00~24:00 ,역사 내 화장실, 수세식 ,N,1,,1,,1,,,,,,,,,2010,2024-06-28
110,공중화장실(장애인),서울교통공사,4호선,당고개, 서울특별시 노원구 상계동 111 당고개역 , 서울특별시 노원구 상계동 1 ,37.67021684,127.0790666,지상,1,외부,4,대합실 1층 (1 또는4 출입구방향), 02-6110-4091 , 05:00~24:00 ,역사 내 화장실, 수세식 ,N,1,1,1,,1,1,,,,,1,1,,2010,2024-06-28
111,공중화장실(장애인),서울교통공사,4호선,당고개, 서울특별시 노원구 상계동 111 당고개역 , 서울특별시 노원구 상계동 1 ,37.67021684,127.0790666,지상,2,외부,3,대합실 2층 역무실 앞, 02-6110-4091 , 05:00~24:00 ,역사 내 화장실, 수세식 ,Y,,,,,,,1,,,,,,, 2008이전 ,2024-06-28
112,공중화장실(장애인),서울교통공사,4호선,상계, 서울특별시 노원구 상계동 156-203 상계역 , 서울특별시 노원구 상계동 1 ,37.648811,127.034866,지상,2,내부,4,2층 대합실 (나) 표 내는 곳 안, 02-6110-4101 , 05:00~24:00 ,역사 내 화장실, 수세식 ,N,1,1,,,1,1,,,,,1,1,,2010,2024-06-28
113,공중화장실(장애인),서울교통공사,4호선,노원, 서울특별시 노원구 상계동 602-5 노원역(4호선) , 서울특별시 노원구 상계동 6 ,37.639775,127.027208,지상,2,내부,9,2층 대합실 (나) 표 내는 곳 안, 02-6110-4111 , 05:00~24:00 ,역사 내 화장실, 수세식 ,N,1,1,,,1,1,,,,,1,1,,2013,2024-06-28
114,공중화장실(장애인),서울교통공사,4호선,창동, 서울특별시 도봉구 창동 135-1 창동역 , 서울특별시 도봉구 창동 13 ,37.629878,127.024714,지상,2,내부,1,2층 대합실 (나) 표 내는 곳 안, 02-6110-4121 , 05:00~24:00 ,역사 내 화장실, 수세식 ,N,1,,,,1,,,,,,1,1,,2009,2024-06-28
115,공중화장실(장애인),서울교통공사,4호선,쌍문, 서울특별시 도봉구 창동 703-4 쌍문역 , 서울특별시 도봉구 창동 70 ,37.615104,127.030046,지하,1,외부,2,지하1층 나환기실 옆, 02-6110-4131 , 05:00~24:00 ,역사 내 화장실, 수세식 ,N,1,,,,1,,,,,,1,1,,2015,2024-06-28
116,공중화장실(장애인),서울교통공사,4호선,수유, 서울특별시 강북구 수유동 140 수유역 , 서울특별시 강북구 수유동 1 ,37.603225,127.024965,지하,1,내부,2,대합실 지하1층 역무실 옆(2 또는8번 출입구방향), 02-6110-4141 , 05:00~24:00 ,역사 내 화장실, 수세식 ,N,1,,,,1,1,,,,,1,1,,2010,2024-06-28
117,공중화장실(장애인),서울교통공사,4호선,미아, 서울특별시 강북구 미아동 194-1 미아역 , 서울특별시 강북구 미아동 1 ,37.593048,127.016714,지하,1,외부,6,대합실 지하1층 교양휴게실 앞 (3 또는4번 표 내는 곳방향), 02-6110-4151 , 05:00~24:00 ,역사 내 화장실, 수세식 ,N,1,,,,1,,,,,,,,,2022,2024-06-28
118,공중화장실(장애인),서울교통공사,4호선,미아사거리, 서울특별시 강북구 미아동 66-1 미아사거리역 , 서울특별시 강북구 미아동 6 ,37.492504,126.894962,지하,1,외부,6,지하1층 역무실 옆, 02-6110-4161 , 05:00~24:00 ,역사 내 화장실, 수세식 ,N,1,,,,1,,,,,,,,, 2008이전 ,2024-06-28
119,공중화장실(장애인),서울교통공사,4호선,길음, 서울특별시 성북구 길음동 877-66 길음역 , 서울특별시 성북구 길음동 8 ,37.581893,127.001953,지하,1,외부,5,지하1층 대합실 (가) 표 내는 곳 밖, 02-6110-4171 , 05:00~24:00 ,역사 내 화장실, 수세식 ,N,1,1,,,1,1,,,,,1,1,,2013,2024-06-28
120,공중화장실(장애인),서울교통공사,4호선,성신여대입구, 서울특별시 성북구 동선동4가 1 성신여대입구역 , 서울특별시 성북구 동선동4가 ,37.570385,127.009529,지하,1,내부,4,지하1층 고객 안내부스에서 10m 안쪽, 02-6110-4181 , 05:00~24:00 ,역사 내 화장실, 수세식 ,N,1,1,1,,1,,,,,,1,1,,2011,2024-06-28
121,공중화장실(장애인),서울교통공사,4호선,한성대입구, 서울특별시 성북구 삼선동1가 14 한성대입구역 , 서울특별시 성북구 삼선동1가 ,37.58842461,127.0060178,지하,1,외부,7,7번출입구방향 또는 (가) 표 내는 곳 쪽(표 내는 곳 외부), 02-6110-4191 , 05:00~24:00 ,역사 내 화장실, 수세식 ,Y,,,,,,,1,,,,,,, 2008이전 ,2024-06-28
122,공중화장실(장애인),서울교통공사,4호선,혜화, 서울특별시 종로구 명륜4가 96-5 4호선 혜화역 , 서울특별시 종로구 명륜4가  ,37.58204392,127.0194501,지하,1,외부,3,(지하1층 3번출입구 방면), 02-6110-4201 , 05:00~24:00 ,역사 내 화장실, 수세식 ,N,1,,,,1,,,,,,1,1,,2009,2024-06-28
123,공중화장실(장애인),서울교통공사,4호선,동대문, 서울특별시 종로구 종로6가 287-1 동대문역(4호선) , 서울특별시 종로구 종로6가  ,37.561159,126.994398,지하,2,내부,9,지하2층, 02-6110-4211 , 05:00~24:00 ,역사 내 화장실, 수세식 ,N,1,,,,1,,,,,,1,1,,2019,2024-06-28
124,공중화장실(장애인),서울교통공사,4호선,동대문역사문화공원, 서울특별시 중구 광희동2가 9 동대문역사문화공원역(4호선) , 서울특별시 중구 광희동2가  ,37.56514371,127.0079152,지하,1,외부,8,지하1층 10 또는11번 기둥앞, 02-6110-4221 , 05:00~24:00 ,역사 내 화장실, 수세식 ,N,1,1,,,1,1,,,,,1,1,,2010,2024-06-28
125,공중화장실(장애인),서울교통공사,4호선,동대문역사문화공원, 서울특별시 중구 광희동2가 9 동대문역사문화공원역(4호선) , 서울특별시 중구 광희동2가  ,37.56514371,127.0079152,지하,2,내부,8,지하2층 내부계단 옆, 02-6110-4221 , 05:00~24:00 ,역사 내 화장실, 수세식 ,N,1,,,,1,,,,,,1,1,,2010,2024-06-28
126,공중화장실(장애인),서울교통공사,4호선,충무로, 서울특별시 중구 필동2가 16-2 충무로역(3 또는 4호선) , 서울특별시 중구 필동2가 1 ,37.535982,126.971351,지하,2,내부,3,지하2층 3 또는4 또는5 또는6 또는7번 출입구쪽 또는 표 내는 곳 내부, 02-6110-4231 , 05:00~24:00 ,역사 내 화장실, 수세식 ,N,1,,,,1,,,,,,,,,2012,2024-06-28
127,공중화장실(장애인),서울교통공사,4호선,명동, 서울특별시 중구 충무로2가 109-2 명동역 4호선 , 서울특별시 중구 충무로2가  ,37.545528,126.97197,지하,1,내부,5,지하1층 2 또는3 또는4 또는5 또는6 또는7 또는8번 출입구쪽 또는 표 내는 곳 내부, 02-6110-4241 , 05:00~24:00 ,역사 내 화장실, 수세식 ,N,1,,,,1,1,,,,,1,1,,2017,2024-06-28
128,공중화장실(장애인),서울교통공사,4호선,회현, 서울특별시 중구 남창동 64-1 회현역 4호선 , 서울특별시 중구 남창동 64 ,37.534394,126.973014,지하,2,내부,3,표 내는 곳 내부 지하2층 , 02-6110-4251 , 05:00~24:00 ,역사 내 화장실, 수세식 ,N,1,1,1,,1,1,,,,,1,1,,2012,2024-06-28
129,공중화장실(장애인),서울교통공사,4호선,서울, 서울특별시 중구 용산구 동자동 14-151 서울역(4호선) , 서울특별시 중구 용산구 동자 ,37.529364,126.968299,지하,1,외부,11,14번 출입구  옆 또는 11번 출입구 물품보관함 건너편, 02-6110-4261 , 05:00~24:00 ,역사 내 화장실, 수세식 ,N,1,1,,,1,1,,,,,1,1,,2015,2024-06-28
130,공중화장실(장애인),서울교통공사,4호선,숙대입구, 서울특별시 용산구 갈월동 16-7 숙대입구역 , 서울특별시 용산구 갈월동 1 ,37.522481,126.973671,지하,1,외부,9,지하1층 가대합실과 나대합실 연결통로 가운데 위치, 02-6110-4271 , 05:00~24:00 ,역사 내 화장실, 수세식 ,N,1,1,1,,1,1,,,,,1,1,,2012,2024-06-28
131,공중화장실(장애인),서울교통공사,4호선,삼각지, 서울특별시 용산구 한강로1가 228-1 삼각지역(4호선) , 서울특별시 용산구 한강로1가 ,37.503465,126.979927,지하,1,외부,3,신용산측, 02-6110-4281 , 05:00~24:00 ,역사 내 화장실, 수세식 ,N,1,,,,1,1,,,,,1,1,,2010,2024-06-28
132,공중화장실(장애인),서울교통공사,4호선,신용산, 서울특별시 용산구 한강로2가 181 4호선 신용산역 , 서울특별시 용산구 한강로2가 ,37.487514,126.982162,지하,1,외부,4,지하1층 삼각지측, 02-6110-4291 , 05:00~24:00 ,역사 내 화장실, 수세식 ,N,1,1,,,1,1,,,,,1,1,,2016,2024-06-28
133,공중화장실(장애인),서울교통공사,4호선,이촌, 서울특별시 용산구 용산동5가 17-112 4호선 이촌역 , 서울특별시 용산구 용산동5가 ,37.52237348,126.9745201,지하,1,내부,3,지하1층 3번출입구 앞, 02-6110-4301 , 05:00~24:00 ,역사 내 화장실, 수세식 ,N,1,,,,1,,,,,,1,1,,2012,2024-06-28
134,공중화장실(장애인),서울교통공사,4호선,동작, 서울특별시 동작구 동작동 327-1 4호선 동작역 , 서울특별시 동작구 동작동 3 ,37.50297958,126.9803148,지상,2,내부,1,대합실 2층 구내식당좌측, 02-6110-4311 , 05:00~24:00 ,역사 내 화장실, 수세식 ,N,1,1,1,,1,1,,,,,1,1,,2010,2024-06-28
135,공중화장실(장애인),서울교통공사,4호선,총신대입구, 서울특별시 동작구 사당동 736-1 총신대역4호선 , 서울특별시 동작구 사당동 7 ,37.4867996,126.9822119,지하,1,내부,1,지하1층 동작측, 02-6110-4321 , 05:00~24:00 ,역사 내 화장실, 수세식 ,N,1,1,,,1,1,,,,,1,1,,2016,2024-06-28
136,공중화장실(장애인),서울교통공사,4호선,사당, 서울특별시 동작구 사당동 588-4 사당역(4호선) , 서울특별시 동작구 사당동 5 ,37.47759121,126.9816985,지하,1,외부,12,(지하1층 총신대측), 02-6110-4331 , 05:00~24:00 ,역사 내 화장실, 수세식 ,N,1,,,,1,,,,,,1,1,,2009,2024-06-28
137,공중화장실(장애인),서울교통공사,4호선,사당, 서울특별시 동작구 사당동 588-4 사당역(4호선) , 서울특별시 동작구 사당동 5 ,37.47759121,126.9816985,지하,1,외부,3,(지하1층 남태령측), 02-6110-4331 , 05:00~24:00 ,역사 내 화장실, 수세식 ,N,1,,,,1,,,,,,1,1,,2009,2024-06-28
138,공중화장실(장애인),서울교통공사,4호선,사당, 서울특별시 동작구 사당동 588-4 사당역(4호선) , 서울특별시 동작구 사당동 5 ,37.47759121,126.9816985,지하,2,내부,12,(지하2층 환승통로), 02-6110-4331 , 05:00~24:00 ,역사 내 화장실, 수세식 ,N,1,,,,1,,,,,,1,1,,2020,2024-06-28
139,공중화장실(장애인),서울교통공사,4호선,남태령, 서울특별시 서초구 방배동 2909 남태령역 , 서울특별시 서초구 방배동 2 ,37.588021,127.005797,지하,2,내부,2,(지하2층 역무실 옆), 02-6110-4341 , 05:00~24:00 ,역사 내 화장실, 수세식 ,N,1,,1,,1,,,,,,,,, 2008이전 ,2024-06-28
140,공중화장실(장애인),서울교통공사,5호선,방화, 서울특별시 강서구 방화동 829-15 방화역 , 서울특별시 강서구 방화동 8 ,37.577622,126.810637,지하,1,외부,3 또는4,대합실 1층 3 또는4번출입구방향 앞, 02-6311-5101 , 05:00~24:00 ,역사 내 화장실, 수세식 ,N,1,1,,,1,1,,,,,1,1,,2015,2024-06-28
141,공중화장실(장애인),서울교통공사,5호선,개화산, 서울특별시 강서구 방화동 846 개화산역 , 서울특별시 강서구 방화동 8 ,37.572455,126.80465,지하,1,외부,1 또는2,대합실 지하1층 하선EL 옆 , 02-6311-5111 , 05:00~24:00 ,역사 내 화장실, 수세식 ,N,1,1,,,1,1,,,,,1,1,,2015,2024-06-28
142,공중화장실(장애인),서울교통공사,5호선,김포공항, 서울특별시 강서구 방화동 886 김포공항역 , 서울특별시 강서구 방화동 8 ,37.56209982,126.8012568,지하,1,외부,1,대합실 지하 1층 또는 1번출입구 옆(지하철경찰센터 옆), 02-6311-5121 , 05:00~24:00 ,역사 내 화장실, 수세식 ,Y,,,,,,,1,,,,,,, 2008이전 ,2024-06-28
143,공중화장실(장애인),서울교통공사,5호선,김포공항, 서울특별시 강서구 방화동 886 김포공항역 , 서울특별시 강서구 방화동 8 ,37.56209982,126.8012568,지하,2,외부,1,대합실 지하 2층 또는1번출입구 아래(국내선 연결통로 방면), 02-6311-5121 , 05:00~24:00 ,역사 내 화장실, 수세식 ,N,1,,,,1,,,,,,,,, 2008이전 ,2024-06-28
144,공중화장실(장애인),서울교통공사,5호선,송정, 서울특별시 강서구 공항동 29-5 송정역 , 서울특별시 강서구 공항동 2 ,36.344485,126.875648,지하,2,외부,1 또는2,대합실 2층 ES 1호기 앞, 02-6311-5131 , 05:00~24:00 ,역사 내 화장실, 수세식 ,N,1,,,,1,,,,,,,,, 2008이전 ,2024-06-28
145,공중화장실(장애인),서울교통공사,5호선,마곡, 서울특별시 강서구 가양동 530-6 마곡역 , 서울특별시 강서구 가양동 5 ,37.561084,126.823603,지하,1,외부,2,지하1층 대합실 2번출입구 하단, 02-6311-5141 , 05:00~24:00 ,역사 내 화장실, 수세식 ,N,1,,,,1,,,,,,1,1,, 2008이전 ,2024-06-28
146,공중화장실(장애인),서울교통공사,5호선,발산, 서울특별시 강서구 가양동 967-3 발산역 , 서울특별시 강서구 가양동 9 ,37.55867774,126.8377364,지하,1,외부,1 또는9,대합실 1층 1 또는 9번 출입구 사이, 02-6311-5151 , 05:00~24:00 ,역사 내 화장실, 수세식 ,N,1,1,,,1,1,,,,,1,1,,2009,2024-06-28
147,공중화장실(장애인),서울교통공사,5호선,우장산, 서울특별시 강서구 화곡동 1089-3 우장산역 , 서울특별시 강서구 화곡동 1 ,37.54881619,126.8363263,지하,1,외부,2,지하1층 대합실 2번출입구 앞, 02-6311-5161 , 05:00~24:00 ,역사 내 화장실, 수세식 ,N,1,,,,1,,,,,,1,1,,2009,2024-06-28
148,공중화장실(장애인),서울교통공사,5호선,화곡, 서울특별시 강서구 화곡동 1089-54 화곡역 , 서울특별시 강서구 화곡동 1 ,37.541578,126.838247,지하,1,외부,7 또는8,대합실 1층 7 또는8번 출입구 앞, 02-6311-5171 , 05:00~24:00 ,역사 내 화장실, 수세식 ,N,1,,,,1,,,,,,1,1,,2009,2024-06-28
149,공중화장실(장애인),서울교통공사,5호선,까치산, 서울특별시 강서구 화곡동 662-5 까치산역(5호선) , 서울특별시 강서구 화곡동 6 ,37.531768,126.844517,지하,1,외부,1 또는2 또는3 또는4,대합실(지하1층) 1~4번 출입구 앞, 02-6311-5181 , 05:00~24:00 ,역사 내 화장실, 수세식 ,N,1,,,,1,1,,,,,1,1,,2009,2024-06-28
150,공중화장실(장애인),서울교통공사,5호선,신정, 서울특별시 양천구 신정동 1090 신정역 , 서울특별시 양천구 신정동 1 ,37.524977,126.853975,지하,2,외부,2 또는3,2 또는3번 출입구 지하 (가)대합실 운임지역 내 , 02-6311-5191 , 05:00~24:00 ,역사 내 화장실, 수세식 ,N,1,1,,,1,1,,,,,1,1,,2009,2024-06-28
151,공중화장실(장애인),서울교통공사,5호선,목동, 서울특별시 양천구 목동 926-3 목동역 , 서울특별시 양천구 목동 92 ,37.526072,126.862112,지하,1,외부,7,대합실 지하1층 7번출입구 옆, 02-6311-5201 , 05:00~24:00 ,역사 내 화장실, 수세식 ,N,1,,,,1,,,,,,1,,, 2008이전 ,2024-06-28
152,공중화장실(장애인),서울교통공사,5호선,오목교, 서울특별시 양천구 목동 406-30 오목교역 , 서울특별시 양천구 목동 40 ,37.524553,126.872861,지하,1,외부,3,대합실 B1층 3번 출입구 방향 임대상가 옆, 02-6311-5211 , 05:00~24:00 ,역사 내 화장실, 수세식 ,N,1,,,,1,,,,,,1,1,, 2008이전 ,2024-06-28
153,공중화장실(장애인),서울교통공사,5호선,양평, 서울특별시 영등포구 양평동2가 33-79 양평역  , 서울특별시 영등포구 양평동2 ,37.509109,127.049088,지하,1,내부,1 또는2,b1층 고객상담실 옆. 운임지역내, 02-6311-5221 , 05:00~24:00 ,역사 내 화장실, 수세식 ,N,1,,,,1,,,,,,1,1,,2009,2024-06-28
154,공중화장실(장애인),서울교통공사,5호선,영등포구청, 서울특별시 영등포구 당산동3가 556-1 영등포구청역(5호선) , 서울특별시 영등포구 당산동3 ,37.526714,126.893067,지하,1,외부,7,대합실 지하1층 7번출입구 방면, 02-6311-5231 , 05:00~24:00 ,역사 내 화장실, 수세식 ,N,1,,,,1,,,,,,1,1,,2011,2024-06-28
155,공중화장실(장애인),서울교통공사,5호선,영등포시장, 서울특별시 영등포구 영등포동5가 62-1 영등포시장역 , 서울특별시 영등포구 영등포동 ,37.521638,126.902798,지하,1,외부,2 또는3,대합실 1층  2 또는 3번출입구 앞 , 02-6311-5241 , 05:00~24:00 ,역사 내 화장실, 수세식 ,N,1,1,,,1,1,,,,,1,1,,2010,2024-06-28
156,공중화장실(장애인),서울교통공사,5호선,신길, 서울특별시 영등포구 영등포동1가 35 신길역 , 서울특별시 영등포구 영등포동 ,37.517346,126.914221,지하,3,외부,3,대합실(B3) 3번출입구 앞, 02-6311-5251 , 05:00~24:00 ,역사 내 화장실, 수세식 ,N,1,1,,,1,1,,,,,1,1,,2015,2024-06-28
157,공중화장실(장애인),서울교통공사,5호선,여의도, 서울특별시 영등포구 여의도동 3 여의도역 , 서울특별시 영등포구 여의도동 ,37.52157,126.922123,지하,1,외부,6,대합실1층  (가) 표 내는 곳 옆, 02-6311-5261 , 05:00~24:00 ,역사 내 화장실, 수세식 ,N,1,,,,1,,,,,,1,1,, 2008이전 ,2024-06-28
158,공중화장실(장애인),서울교통공사,5호선,여의나루, 서울특별시 영등포구 여의도동 84-4 여의나루역 , 서울특별시 영등포구 여의도동 ,37.527141,126.930621,지하,1,외부,3,지하1층 대합실 비운임지역 ES옆, 02-6311-5271 , 05:00~24:00 ,역사 내 화장실, 수세식 ,N,1,1,,,1,1,,,,,1,1,, 2008이전 ,2024-06-28
159,공중화장실(장애인),서울교통공사,5호선,마포, 서울특별시 마포구 도화동 160 마포역 , 서울특별시 마포구 도화동 1 ,37.539705,126.943851,지하,1,외부,4,대합실 1층 토니모리좌측, 02-6311-5281 , 05:00~24:00 ,역사 내 화장실, 수세식 ,N,1,,,,1,,,,,,1,1,, 2008이전 ,2024-06-28
160,공중화장실(장애인),서울교통공사,5호선,공덕, 서울특별시 마포구 공덕동 423-29 공덕역(5 또는 6호선) , 서울특별시 마포구 공덕동 4 ,37.54454169,126.9514512,지하,1,외부,3, 대합실 1층 3번출입구 앞, 02-6311-5291 , 05:00~24:00 ,역사 내 화장실, 수세식 ,N,1,,,,1,,,,,,1,1,, 2008이전 ,2024-06-28
161,공중화장실(장애인),서울교통공사,5호선,애오개, 서울특별시 마포구 아현동 612 애오개역 , 서울특별시 마포구 아현동 6 ,37.55359,126.95455,지하,1,외부,3,대합실 1층 표 내는 곳 통과 후좌측, 02-6311-5301 , 05:00~24:00 ,역사 내 화장실, 수세식 ,N,1,,,,1,,,,,,1,1,,2012,2024-06-28
162,공중화장실(장애인),서울교통공사,5호선,충정로, 서울특별시 서대문구 충정로3가 248-1 충정로역(5호선) , 서울특별시 서대문구 충정로3 ,37.560055,126.961483,지하,1,외부,8,대합실 B1층 8번출입구 방향 i센터 맞은 편, 02-6311-5311 , 05:00~24:00 ,역사 내 화장실, 수세식 ,N,1,1,,,1,1,,,,,1,1,,2012,2024-06-28
163,공중화장실(장애인),서울교통공사,5호선,서대문, 서울특별시 종로구 평동 210 서대문역 , 서울특별시 종로구 평동 21 ,37.56577,126.964461,지하,1,외부,1 또는2,지하1층 대합실 1 또는 2번 출입구 내려와서 왼쪽편, 02-6311-5321 , 05:00~24:00 ,역사 내 화장실, 수세식 ,N,1,1,,,1,1,,,,,1,1,,2009,2024-06-28
164,공중화장실(장애인),서울교통공사,5호선,광화문, 서울특별시 종로구 세종로 1-90 광화문역 , 서울특별시 종로구 세종로 1 ,37.568666,126.969794,지하,1,외부,7 또는8,세종측 대합실 지하1층, 02-6311-5331 , 05:00~24:00 ,역사 내 화장실, 수세식 ,N,1,,,,1,,,,,,,,, 2008이전 ,2024-06-28
165,공중화장실(장애인),서울교통공사,5호선,종로3가, 서울특별시 종로구 낙원동 126 종로3가역(5호선) , 서울특별시 종로구 낙원동 1 ,37.5715,126.989059,지하,1,내부,5,(대합실 지하1층 역무실 맞은편), 02-6311-5341 , 05:00~24:00 ,역사 내 화장실, 수세식 ,N,1,,,,1,,,,,,1,1,,2012,2024-06-28
166,공중화장실(장애인),서울교통공사,5호선,을지로4가, 서울특별시 중구 을지로4가 192 을지로4가역(5호선) , 서울특별시 중구 을지로4가  ,37.567015,126.995642,지하,1,외부,1 또는2,대합실 B1층 또는 B2층 내려가는 계단 앞, 02-6311-5351 , 05:00~24:00 ,역사 내 화장실, 수세식 ,N,1,1,,,1,1,,,,,1,1,,2010,2024-06-28
167,공중화장실(장애인),서울교통공사,5호선,동대문역사문화공원, 서울특별시 중구 광희동1가 235-6 동대문역사문화공원역(5호선) , 서울특별시 중구 광희동1가  ,37.565102,127.005576,지하,1,외부,7,지하1층, 02-6311-5361 , 05:00~24:00 ,역사 내 화장실, 수세식 ,N,1,1,,,1,1,,,,,1,1,,2009,2024-06-28
168,공중화장실(장애인),서울교통공사,5호선,신금호, 서울특별시 성동구 금호동2가 223-1 신금호역 , 서울특별시 성동구 금호동2가 ,37.554468,127.018605,지하,2,외부,5,B2 표 내는 곳 앞, 02-6311-5381 , 05:00~24:00 ,역사 내 화장실, 수세식 ,N,1,1,,,1,1,,,,,1,1,,2009,2024-06-28
169,공중화장실(장애인),서울교통공사,5호선,행당, 서울특별시 성동구 행당동 317-241 행당역 , 서울특별시 성동구 행당동 3 ,37.55736378,127.0295118,지하,3,외부,1 또는2 또는3 또는4,지하3층 ES 옆(고객상담실 및만남의장소 앞), 02-6311-5391 , 05:00~24:00 ,역사 내 화장실, 수세식 ,N,1,,,,1,1,,,,,1,1,,2009,2024-06-28
170,공중화장실(장애인),서울교통공사,5호선,왕십리, 서울특별시 성동구 행당동 192 왕십리역(5호선) , 서울특별시 성동구 행당동 1 ,37.56203954,127.0373313,지하,2,내부,4,b2 대합실 상가2002호점 옆, 02-6311-5401 , 05:00~24:00 ,역사 내 화장실, 수세식 ,N,1,1,,,1,1,,,,,1,1,,2010,2024-06-28
171,공중화장실(장애인),서울교통공사,5호선,마장, 서울특별시 성동구 마장동 772 마장역 , 서울특별시 성동구 마장동 7 ,37.566127,127.040776,지하,2,외부,1 또는2 또는3 또는4,지하2층 대합실, 02-6311-5411 , 05:00~24:00 ,역사 내 화장실, 수세식 ,N,1,1,,,1,1,,,,,1,1,,2013,2024-06-28
172,공중화장실(장애인),서울교통공사,5호선,답십리, 서울특별시 성동구 용답동 99 답십리역 , 서울특별시 성동구 용답동 9 ,37.567072,127.050193,지하,1,외부,5 또는6,B1층 5 또는6번 출입구 방향, 02-6311-5421 , 05:00~24:00 ,역사 내 화장실, 수세식 ,N,1,,,,1,,,,,,1,1,,2008,2024-06-28
173,공중화장실(장애인),서울교통공사,5호선,장한평, 서울특별시 동대문구 장안동 472-3 장한평역 , 서울특별시 동대문구 장안동  ,37.561472,127.062468,지하,1,외부,1,지하 1층 1번출입구 나가기전좌측방향, 02-6311-5431 , 05:00~24:00 ,역사 내 화장실, 수세식 ,N,1,,,,1,,,,,,1,1,,2006,2024-06-28
174,공중화장실(장애인),서울교통공사,5호선,군자, 서울특별시 광진구 능동 275-5 군자역(5 또는 7호선) , 서울특별시 광진구 능동 27 ,37.557336,127.0774,지하,1,외부,7 또는8,지하1층 대합실 5 표 내는 곳(가) 앞, 02-6311-5441 , 05:00~24:00 ,역사 내 화장실, 수세식 ,N,1,1,,,1,1,,,,,1,1,,2010,2024-06-28
175,공중화장실(장애인),서울교통공사,5호선,아차산, 서울특별시 광진구 능동 256-16 아차산역 , 서울특별시 광진구 능동 25 ,37.551959,127.087363,지하,1,외부,3,지하1층 대합실, 02-6311-5451 , 05:00~24:00 ,역사 내 화장실, 수세식 ,N,1,1,,,1,1,,,,,1,1,,2015,2024-06-28
176,공중화장실(장애인),서울교통공사,5호선,광나루, 서울특별시 광진구 광장동 237 광나루역 , 서울특별시 광진구 광장동 2 ,37.545332,127.101417,지하,1,외부,1 또는2,지하1층, 02-6311-5461 , 05:00~24:00 ,역사 내 화장실, 수세식 ,N,1,1,,,1,1,,,,,1,1,,2012,2024-06-28
177,공중화장실(장애인),서울교통공사,5호선,천호, 서울특별시 강동구 천호동 455 천호역(5 또는 8호선) , 서울특별시 강동구 천호동 4 ,37.538462,127.122905,지하,1,외부,5 또는6,지하1층 대합실(5 또는6번출입구 방향), 02-6311-5471 , 05:00~24:00 ,역사 내 화장실, 수세식 ,N,1,1,,,1,1,,,,,1,1,,2009,2024-06-28
178,공중화장실(장애인),서울교통공사,5호선,강동, 서울특별시 강동구 천호동 447 강동역 , 서울특별시 강동구 천호동 4 ,37.53594,127.1299,지하,1,외부,2,대합실 지하1층 2번출입구 앞 , 02-6311-5481 , 05:00~24:00 ,역사 내 화장실, 수세식 ,N,1,1,,,1,1,,,,,1,1,,2012,2024-06-28
179,공중화장실(장애인),서울교통공사,5호선,길동, 서울특별시 강동구 길동 378 길동역 , 서울특별시 강동구 길동 37 ,37.537769,127.137803,지하,1,외부,3,대합실 지하1층 3번 출입구 옆, 02-6311-5491 , 05:00~24:00 ,역사 내 화장실, 수세식 ,N,1,1,,,1,1,,,,,1,1,,2014,2024-06-28
180,공중화장실(장애인),서울교통공사,5호선,굽은다리, 서울특별시 강동구 명일동 345-12 굽은다리역 , 서울특별시 강동구 명일동 3 ,37.545539,127.140717,지하,1,외부,3,대합실 지하1층 3번출입구 앞, 02-6311-5501 , 05:00~24:00 ,역사 내 화장실, 수세식 ,N,1,,,,1,,,,,,1,1,,2008,2024-06-28
181,공중화장실(장애인),서울교통공사,5호선,명일, 서울특별시 강동구 명일동 312 명일역 , 서울특별시 강동구 명일동 3 ,37.55131,127.141825,지하,1,외부,3,대합실 지하1층 3번출입구 앞 , 02-6311-5511 , 05:00~24:00 ,역사 내 화장실, 수세식 ,N,1,,,,1,,,,,,1,1,,2008,2024-06-28
182,공중화장실(장애인),서울교통공사,5호선,고덕, 서울특별시 강동구 고덕동 310 고덕역 , 서울특별시 강동구 고덕동 3 ,37.555051,127.151921,지하,1,외부,1,대합실 지하1층 1번 출입구 방향, 02-6311-5521 , 05:00~24:00 ,역사 내 화장실, 수세식 ,N,1,,,,1,,,,,,1,1,,2012,2024-06-28
183,공중화장실(장애인),서울교통공사,5호선,상일동, 서울특별시 강동구 상일동 148 상일동역 , 서울특별시 강동구 상일동 1 ,37.557055,127.166995,지하,1,외부,4,대합실 지하1층 4번출입구 앞, 02-6311-5531 , 05:00~24:00 ,역사 내 화장실, 수세식 ,N,1,1,,,1,1,,,,,1,1,,2015,2024-06-28
184,공중화장실(장애인),서울교통공사,5호선,강일, 서울특별시 강동구 고덕로 지하 456 강일역 , 서울특별시 강동구 상일동 73 ,37.55758,127.17588,지하,2,외부,3,대합실 지하2층 3번출입구측, 02-6311-5611 , 05:00~24:00 ,역사 내 화장실, 수세식 ,N,1,1,1,1,1,1,,,,,1,1,,2021,2024-06-28
185,공중화장실(장애인),서울교통공사,5호선,강일, 서울특별시 강동구 고덕로 지하 456 강일역 , 서울특별시 강동구 상일동 73 ,37.55758,127.17588,지하,2,외부,4,대합실 지하2층 4번출입구측, 02-6311-5611 , 05:00~24:00 ,역사 내 화장실, 수세식 ,N,1,1,1,1,1,1,,,,,1,1,,2021,2024-06-28
186,공중화장실(장애인),서울교통공사,5호선,미사, 경기도 하남시 미사강변동로 지하90 미사역 , 경기도 하남시 망월동 1122 ,37.563355,127.192636,지하,1,외부,5,대합실 지하1층 5번 출입구옆, 02-6311-5621 , 05:00~24:00 ,역사 내 화장실, 수세식 ,N,1,1,,,1,1,,,,,,,,2020,2024-06-28
187,공중화장실(장애인),서울교통공사,5호선,미사, 경기도 하남시 미사강변동로 지하90 미사역 , 경기도 하남시 망월동 1122 ,37.563355,127.192636,지하,1,내부,2 또는4,대합실 지하1층 승강장 상선 내부계단옆, 02-6311-5621 , 05:00~24:00 ,역사 내 화장실, 수세식 ,N,1,,,,1,,,,,,,,,2020,2024-06-28
188,공중화장실(장애인),서울교통공사,5호선,하남풍산, 경기도 하남시 덕풍서로 50 하남풍산역 , 경기도 하남시 덕풍동 727-3 ,37.552026,127.203768,지하,1,외부,1 또는2,대합실 지하1층 #1 또는2출입구 앞, 02-6311-5631 , 05:00~24:00 ,역사 내 화장실, 수세식 ,N,1,,,,1,,,,,,,,,2020,2024-06-28
189,공중화장실(장애인),서울교통공사,5호선,하남시청, 경기도 하남시 하남대로 지하 820 하남시청역 , 경기도 하남시 덕풍동 405-1 ,37.54172,127.20676,지하,1,외부,1 또는2 또는3,대합실 지하1층 #1~3출입구 앞, 02-6311-5641 , 05:00~24:00 ,역사 내 화장실, 수세식 ,N,1,,,,1,,,,,,,,,2021,2024-06-28
190,공중화장실(장애인),서울교통공사,5호선,하남검단산, 경기도 하남시 대청로 지하 100 하남검단산역 , 경기도 하남시 창우동 526 ,37.53996,127.22263,지하,1,외부,1 또는2,대합실 지하1층 #1 또는2출입구 앞, 02-6311-5651 , 05:00~24:00 ,역사 내 화장실, 수세식 ,N,1,1,,1,1,1,,,,,,,,2021,2024-06-28
191,공중화장실(장애인),서울교통공사,5호선,둔촌동, 서울특별시 강동구 둔촌동 416 둔촌동역 , 서울특별시 강동구 둔촌동 4 ,37.527657,127.134042,지하,1,외부,3 또는4,대합실 지하1층 또는 3 또는4번 출입구 방향, 02-6311-5541 , 05:00~24:00 ,역사 내 화장실, 수세식 ,N,1,,,,1,,,,,,1,1,,2008,2024-06-28
192,공중화장실(장애인),서울교통공사,5호선,올림픽공원, 서울특별시 송파구 방이동 89-28 올림픽공원역 , 서울특별시 송파구 방이동 8 ,37.516628,127.128901,지하,1,외부,2,대합실 지하1층 2번출입구 앞, 02-6311-5551 , 05:00~24:00 ,역사 내 화장실, 수세식 ,N,1,1,,,1,1,,,,,1,1,,2010,2024-06-28
193,공중화장실(장애인),서울교통공사,5호선,방이, 서울특별시 송파구 방이동 217-2 방이역 , 서울특별시 송파구 방이동 2 ,37.508559,127.123771,지하,1,외부,3 또는4,대합실 지하1층 3 또는4번 출입구방향 , 02-6311-5561 , 05:00~24:00 ,역사 내 화장실, 수세식 ,N,1,1,,,1,1,,,,,1,1,,2013,2024-06-28
194,공중화장실(장애인),서울교통공사,5호선,오금, 서울특별시 송파구 오금동 44-2 오금역 , 서울특별시 송파구 오금동 4 ,37.502234,127.126165,지하,1,내부,6 또는7,대합실 지하1층 방이역 방향, 02-6110-3522 , 05:00~24:00 ,역사 내 화장실, 수세식 ,N,1,1,,,1,1,,,,,1,1,,2014,2024-06-28
195,공중화장실(장애인),서울교통공사,5호선,개롱, 서울특별시 송파구 오금동 165-2 개롱역 , 서울특별시 송파구 오금동 1 ,37.498162,127.132471,지하,1,외부,1 또는4,1 또는4번호 출입구 사이, 02-6311-5581 , 05:00~24:00 ,역사 내 화장실, 수세식 ,N,1,1,,,1,1,,,,,1,1,,2013,2024-06-28
196,공중화장실(장애인),서울교통공사,5호선,거여, 서울특별시 송파구 거여동 20-14 거여역 , 서울특별시 송파구 거여동 2 ,37.494249,127.13979,지하,1,외부,8,대합실 1층 8번출입구 앞, 02-6311-5591 , 05:00~24:00 ,역사 내 화장실, 수세식 ,N,1,,,,1,,,,,,1,1,,2013,2024-06-28
197,공중화장실(장애인),서울교통공사,5호선,마천, 서울특별시 송파구 마천동 307-4 마천역 , 서울특별시 송파구 마천동 3 ,37.49502,127.150601,지하,1,외부,1,대합실 지하1층 1번출입구 방향에서우측 코너, 02-6311-5601 , 05:00~24:00 ,역사 내 화장실, 수세식 ,N,1,1,,,1,1,,,,,1,1,,2009,2024-06-28
198,공중화장실(장애인),서울교통공사,6호선,응암, 서울특별시 은평구 역촌동 85-41 응암역 , 서울특별시 은평구 역촌동 8 ,37.598472,126.913403,지하,1,외부,3 또는4,대합실 B1층 GS25 편의점 옆, 02-6311-6101 , 05:00~24:00 ,역사 내 화장실, 수세식 ,N,1,,,,1,,,,,,1,1,,2016,2024-06-28
199,공중화장실(장애인),서울교통공사,6호선,역촌, 서울특별시 은평구 녹번동 144-69 역촌역 , 서울특별시 은평구 녹번동 1 ,37.60515,126.919893,지하,1,외부,3,대합실 1층 3번출입구 옆 , 02-6311-6111 , 05:00~24:00 ,역사 내 화장실, 수세식 ,N,1,1,,,1,1,,,,,1,1,,2018,2024-06-28
200,공중화장실(장애인),서울교통공사,6호선,불광, 서울특별시 은평구 대조동 14-1 불광역(6호선) , 서울특별시 은평구 대조동 1 ,37.610098,126.928007,지하,1,외부,6 또는7,지하1층 가 대합실(6 또는7번출입구 아래) , 02-6311-6121 , 05:00~24:00 ,역사 내 화장실, 수세식 ,N,1,1,,,1,1,,,,,1,1,,2018,2024-06-28
201,공중화장실(장애인),서울교통공사,6호선,독바위, 서울특별시 은평구 불광동 13-33 독바위역 , 서울특별시 은평구 불광동 1 ,37.618387,126.930848,지하,1,외부,1,대합실 B1층 ES 7호기 옆 , 02-6311-6131 , 05:00~24:00 ,역사 내 화장실, 수세식 ,N,1,1,,,1,1,,,,,1,1,,2018,2024-06-28
202,공중화장실(장애인),서울교통공사,6호선,연신내, 서울특별시 은평구 갈현동 397 연신내역 , 서울특별시 은평구 갈현동 3 ,37.618812,126.918653,지하,1,외부,6 또는7,대합실 B1층 6 또는7번출입구방향, 02-6110-3211 , 05:00~24:00 ,역사 내 화장실, 수세식 ,N,1,1,,,1,1,,,,,1,1,,2017,2024-06-28
203,공중화장실(장애인),서울교통공사,6호선,구산, 서울특별시 은평구 구산동 1 구산역 , 서울특별시 은평구 구산동 1 ,37.611025,126.915399,지하,1,외부,4,대합실 B1층 4번출입구 맞은편, 02-6311-6151 , 05:00~24:00 ,역사 내 화장실, 수세식 ,N,1,1,,,1,1,,,,,1,1,,2018,2024-06-28
204,공중화장실(장애인),서울교통공사,6호선,새절, 서울특별시 은평구 신사동 337-5 새절역 , 서울특별시 은평구 신사동 3 ,37.591014,126.911393,지하,1,외부,2,대합실 1층 2번 출입구 옆, 02-6311-6161 , 05:00~24:00 ,역사 내 화장실, 수세식 ,N,1,1,,,1,1,,,,,,,,2020,2024-06-28
205,공중화장실(장애인),서울교통공사,6호선,증산, 서울특별시 은평구 증산동 199-8 증산역 , 서울특별시 은평구 증산동 1 ,37.583933,126.907497,지하,1,외부,1,대합실 1층 1번출입구 옆, 02-6311-6171 , 05:00~24:00 ,역사 내 화장실, 수세식 ,N,1,,,,1,,,,,,,,, 2008이전 ,2024-06-28
206,공중화장실(장애인),서울교통공사,6호선,디지털미디어시티, 서울특별시 은평구 수색동 37-36 디지털미디어시티역 , 서울특별시 은평구 수색동 3 ,37.577964,126.898232,지하,1,외부,4,대합실 지하1층 4번출입구 옆, 02-6311-6181 , 05:00~24:00 ,역사 내 화장실, 수세식 ,N,1,,,,1,,,,,,1,,,2024,2024-06-28
207,공중화장실(장애인),서울교통공사,6호선,디지털미디어시티, 서울특별시 은평구 수색동 37-36 디지털미디어시티역 , 서울특별시 은평구 수색동 3 ,37.577964,126.898232,지하,1,내부,2 또는3,대합실 지하1층 2 또는3번출입구 옆, 02-6311-6181 , 05:00~24:00 ,역사 내 화장실, 수세식 ,N,1,1,,,1,1,,,,,1,1,,2019,2024-06-28
208,공중화장실(장애인),서울교통공사,6호선,월드컵경기장, 서울특별시 마포구 성산동 420 월드컵경기장역 , 서울특별시 마포구 성산동 4 ,37.569656,126.896869,지하,1,외부,2,대합실 (B1 2번출입구방향 표 내는 곳옆), 02-6311-6191 , 05:00~24:00 ,역사 내 화장실, 수세식 ,N,1,,,,1,,,,,,,,, 2008이전 ,2024-06-28
209,공중화장실(장애인),서울교통공사,6호선,월드컵경기장, 서울특별시 마포구 성산동 420 월드컵경기장역 , 서울특별시 마포구 성산동 4 ,37.569656,126.896869,지하,1,내부,1,대합실 (B1 1번출입구방향 표 내는 곳안쪽), 02-6311-6191 , 05:00~24:00 ,역사 내 화장실, 수세식 ,N,1,,,,1,,,,,,,,, 2008이전 ,2024-06-28
210,공중화장실(장애인),서울교통공사,6호선,마포구청, 서울특별시 마포구 성산동 592 마포구청역 , 서울특별시 마포구 성산동 5 ,37.563418,126.901283,지하,2,외부,8,가대합실 지하2층, 02-6311-6201 , 05:00~24:00 ,역사 내 화장실, 수세식 ,N,1,1,,,1,1,,,,,,,,2020,2024-06-28
211,공중화장실(장애인),서울교통공사,6호선,마포구청, 서울특별시 마포구 성산동 592 마포구청역 , 서울특별시 마포구 성산동 5 ,37.563418,126.901283,지하,1,외부,3 또는4,나대합실 지하1층 편의점옆, 02-6311-6201 , 05:00~24:00 ,역사 내 화장실, 수세식 ,N,1,1,,,1,1,,,,,1,1,,2019,2024-06-28
212,공중화장실(장애인),서울교통공사,6호선,망원, 서울특별시 마포구 망원동 378 망원역 , 서울특별시 마포구 망원동 3 ,37.555757,126.907718,지하,1,외부,1,B1 대합실 1번출입구 옆, 02-6311-6211 , 05:00~24:00 ,역사 내 화장실, 수세식 ,N,1,1,,,1,1,,,,,1,1,,2017,2024-06-28
213,공중화장실(장애인),서울교통공사,6호선,합정, 서울특별시 마포구 합정동 414 합정역(6호선) , 서울특별시 마포구 합정동 4 ,37.549575,126.911802,지하,1,외부,8,대합실 1층 8번출입구 앞, 02-6311-6221 , 05:00~24:00 ,역사 내 화장실, 수세식 ,N,1,,,,1,,,,,,1,1,,2020,2024-06-28
214,공중화장실(장애인),서울교통공사,6호선,상수, 서울특별시 마포구 상수동 309-10 상수역 , 서울특별시 마포구 상수동 3 ,37.547703,126.920759,지하,2,외부,1 또는2 또는3 또는4,B2 대합실 상가 미샤 옆, 02-6311-6231 , 05:00~24:00 ,역사 내 화장실, 수세식 ,N,1,,,,1,,,,,,1,1,,2022,2024-06-28
215,공중화장실(장애인),서울교통공사,6호선,광흥창, 서울특별시 마포구 창전동 145-17 광흥창역 , 서울특별시 마포구 창전동 1 ,37.547478,126.929666,지하,2,외부,1 또는2 또는5 또는6,대합실 2층 (1256번출입구방향), 02-6311-6241 , 05:00~24:00 ,역사 내 화장실, 수세식 ,N,1,1,,,1,1,,,,,1,1,,2017,2024-06-28
216,공중화장실(장애인),서울교통공사,6호선,대흥, 서울특별시 마포구 대흥동 128-1 대흥역 , 서울특별시 마포구 대흥동 1 ,37.547674,126.940143,지하,1,외부,4,대합실 1층 4번출입구 앞, 02-6311-6251 , 05:00~24:00 ,역사 내 화장실, 수세식 ,N,1,1,,,1,1,,,,,1,1,,2018,2024-06-28
217,공중화장실(장애인),서울교통공사,6호선,공덕, 서울특별시 마포구 공덕동 423-29 공덕역(5 또는 6호선) , 서울특별시 마포구 공덕동 4 ,37.54322,126.949387,지하,1,외부,7,대합실 1층 7번출입구 앞, 02-6311-5291 , 05:00~24:00 ,역사 내 화장실, 수세식 ,N,1,1,,,1,1,,,,,1,1,,2019,2024-06-28
218,공중화장실(장애인),서울교통공사,6호선,효창공원앞, 서울특별시 용산구 효창동 80 효창공원앞역 , 서울특별시 용산구 효창동 8 ,37.539289,126.95915,지하,1,외부,3 또는6,대합실 1층 3 또는6번 출입구 앞, 02-6311-6271 , 05:00~24:00 ,역사 내 화장실, 수세식 ,N,1,,,,1,,,,,,,,, 2008이전 ,2024-06-28
219,공중화장실(장애인),서울교통공사,6호선,삼각지, 서울특별시 용산구 한강로1가 228-1 삼각지역(6호선) , 서울특별시 용산구 한강로1가 ,37.53563,126.974797,지하,1,외부,7 또는8,대합실 1층 7 또는8번 출입구 측면, 02-6311-6281 , 05:00~24:00 ,역사 내 화장실, 수세식 ,N,1,1,,,1,1,,,,,1,1,,2018,2024-06-28
220,공중화장실(장애인),서울교통공사,6호선,녹사평, 서울특별시 용산구 용산동 4가 4 녹사평역 , 서울특별시 용산구 용산동 4 ,37.534945,126.983163,지하,1,외부,1 또는2,대합실 지하1층 1 또는2번 출입구 진입 방향, 02-6311-6292 , 05:00~24:00 ,역사 내 화장실, 수세식 ,N,1,,,,1,,,,,,1,,, 2008이전 ,2024-06-28
221,공중화장실(장애인),서울교통공사,6호선,이태원, 서울특별시 용산구 이태원동 119-23 이태원역 , 서울특별시 용산구 이태원동  ,37.534533,126.99239,지하,1,외부,3,B1 대합실 ES 옆, 02-6311-6301 , 05:00~24:00 ,역사 내 화장실, 수세식 ,N,1,,,,1,,,,,,1,,,2010,2024-06-28
222,공중화장실(장애인),서울교통공사,6호선,한강진, 서울특별시 용산구 한남동 726-494 한강진역 , 서울특별시 용산구 한남동 7 ,37.539518,126.999547,지하,1,내부,1 또는2 또는3,대합실 B1층 임대상가(gs25)옆, 02-6311-6311 , 05:00~24:00 ,역사 내 화장실, 수세식 ,N,1,,,,1,,,,,,1,1,,2022,2024-06-28
223,공중화장실(장애인),서울교통공사,6호선,버티고개, 서울특별시 중구 신당동 366-454 버티고개역 , 서울특별시 중구 신당동 36 ,37.547892,127.004934,지하,1,외부,1,대합실 1층 1번출입구 앞, 02-6311-6321 , 05:00~24:00 ,역사 내 화장실, 수세식 ,N,1,1,,,1,1,,,,,1,1,,2018,2024-06-28
224,공중화장실(장애인),서울교통공사,6호선,약수, 서울특별시 중구 신당동 369-2 약수역(6호선) , 서울특별시 중구 신당동 36 ,37.553465,127.009158,지하,1,외부,7 또는8,대합실 B1 7 또는8번 출입구앞, 02-6311-6331 , 05:00~24:00 ,역사 내 화장실, 수세식 ,N,1,,,,1,,,,,,1,1,,2018,2024-06-28
225,공중화장실(장애인),서울교통공사,6호선,청구, 서울특별시 중구 신당동 295-2 청구역(5 또는 6호선) , 서울특별시 중구 신당동 29 ,37.557424,127.009814,지하,1,외부,1,B1 대합실 1번출입구 나가는 방향 맞은편 위치, 02-6311-5371 , 05:00~24:00 ,역사 내 화장실, 수세식 ,N,1,,,,1,,,,,,1,1,,2022,2024-06-28
226,공중화장실(장애인),서울교통공사,6호선,신당, 서울특별시 중구 흥인동 162-1 신당역(6호선) , 서울특별시 중구 흥인동 16 ,37.565671,127.017279,지하,1,외부,5 또는6 또는7 또는8,대합실 B1층 5~8번출입구 나가는 방향 계단 하부, 02-6311-6351 , 05:00~24:00 ,역사 내 화장실, 수세식 ,N,1,1,,,1,1,,,,,1,1,,2016,2024-06-28
227,공중화장실(장애인),서울교통공사,6호선,동묘앞, 서울특별시 종로구 창신동 263-2 동묘앞역(6호선) , 서울특별시 종로구 창신동 2 ,37.572729,127.013819,지하,1,외부,7,대합실 1층 7번출입구 앞, 02-6311-6361 , 05:00~24:00 ,역사 내 화장실, 수세식 ,N,1,1,,,1,1,,,,,,,,2020,2024-06-28
228,공중화장실(장애인),서울교통공사,6호선,창신, 서울특별시 종로구 창신동 20-8 창신역 , 서울특별시 종로구 창신동 2 ,37.579361,127.013092,지하,1,내부,3 또는4,대합실 1층 EL1호기 뒷편, 02-6311-6371 , 05:00~24:00 ,역사 내 화장실, 수세식 ,N,1,,,,1,,,,,,,,, 2008이전 ,2024-06-28
229,공중화장실(장애인),서울교통공사,6호선,보문, 서울특별시 성북구 보문동 1가 127-1 보문역 , 서울특별시 성북구 보문동 1 ,37.58533,127.017202,지하,2,외부,1 또는2,지하2층 대합실 아이센터 옆, 02-6311-6381 , 05:00~24:00 ,역사 내 화장실, 수세식 ,N,1,,,,1,,,,,,,1,, 2008이전 ,2024-06-28
230,공중화장실(장애인),서울교통공사,6호선,안암, 서울특별시 성북구 안암동5가 146-1 안암역 , 서울특별시 성북구 안암동5가 ,37.587422,127.029258,지하,1,외부,3 또는4,대합실 B1층 3 또는4번출입구 계단 인근, 02-6311-6391 , 05:00~24:00 ,역사 내 화장실, 수세식 ,Y,,,,,,,1,,,,,,, 2008이전 ,2024-06-28
231,공중화장실(장애인),서울교통공사,6호선,안암, 서울특별시 성북구 안암동5가 146-1 안암역 , 서울특별시 성북구 안암동5가 ,37.587422,127.029258,지하,2,내부,3 또는4,대합실 B2층 봉화산방면 승강장 계단 인근, 02-6311-6391 , 05:00~24:00 ,역사 내 화장실, 수세식 ,N,1,,,,1,,,,,,1,1,,2019,2024-06-28
232,공중화장실(장애인),서울교통공사,6호선,고려대, 서울특별시 성북구 종암동 29-18 고려대역 , 서울특별시 성북구 종암동 2 ,37.590401,127.03367,지하,1,내부,2,지하 1층 대합실(표 내는 곳 안), 02-6311-6401 , 05:00~24:00 ,역사 내 화장실, 수세식 ,N,1,1,,,1,1,,,,,1,1,,2017,2024-06-28
233,공중화장실(장애인),서울교통공사,6호선,월곡, 서울특별시 성북구 하월곡동 35-1 월곡역 , 서울특별시 성북구 하월곡동  ,37.601925,127.039341,지하,1,외부,1 또는2 또는3,지하 1층 , 02-6311-6411 , 05:00~24:00 ,역사 내 화장실, 수세식 ,N,1,,,,1,,,,,,,1,, 2008이전 ,2024-06-28
234,공중화장실(장애인),서울교통공사,6호선,상월곡, 서울특별시 성북구 상월곡동 26-1 상월곡역 , 서울특별시 성북구 상월곡동  ,37.6066,127.046673,지하,2,외부,1 또는4, 지하 2층 대합실(1 또는 4번출입구방면), 02-6311-6421 , 05:00~24:00 ,역사 내 화장실, 수세식 ,N,1,,,,1,,,,,,,1,, 2008이전 ,2024-06-28
235,공중화장실(장애인),서울교통공사,6호선,돌곶이, 서울특별시 성북구 석관동 349-8 돌곶이역 , 서울특별시 성북구 석관동 3 ,37.610493,127.054214,지하,1,외부,6 또는7,지하 1층 대합실(6 또는7번출입구 사이), 02-6311-6431 , 05:00~24:00 ,역사 내 화장실, 수세식 ,N,1,1,,,1,1,,,,,1,1,,2019,2024-06-28
236,공중화장실(장애인),서울교통공사,6호선,석계, 서울특별시 노원구 월계동 25-2 석계역 , 서울특별시 노원구 월계동 2 ,37.615233,127.064155,지하,1,외부,7,지하 1층 대합실(7번출입구 앞), 02-6311-6441 , 05:00~24:00 ,역사 내 화장실, 수세식 ,N,1,,,,1,1,,,,,,1,,2008이전,2024-06-28
237,공중화장실(장애인),서울교통공사,6호선,석계, 서울특별시 노원구 월계동 25-2 석계역 , 서울특별시 노원구 월계동 2 ,37.615233,127.064155,지하,2,내부,2 또는3,지하 2층 대합실(환승통로), 02-6311-6441 , 05:00~24:00 ,역사 내 화장실, 수세식 ,N,1,,1,,1,,,,,,,1,,2024,2024-06-28
238,공중화장실(장애인),서울교통공사,6호선,태릉입구, 서울특별시 노원구 공릉동 616-4 태릉입구역(6 또는 7호선) , 서울특별시 노원구 공릉동 6 ,37.62187,127.086099,지하,1,외부,1,대합실 지하1층 아이센터 옆, 02-6311-7171 , 05:00~24:00 ,역사 내 화장실, 수세식 ,N,1,,1,,1,1,,,,,,1,, 2008이전 ,2024-06-28
239,공중화장실(장애인),서울교통공사,6호선,화랑대, 서울특별시 노원구 공릉동 285-2 화랑대역 , 서울특별시 노원구 공릉동 2 ,37.621869,127.079533,지하,1,외부,6 또는7,지하 1층 대합실(표 내는 곳 밖), 02-6311-6461 , 05:00~24:00 ,역사 내 화장실, 수세식 ,N,1,1,1,,1,1,,,,,,,, 2008이전 ,2024-06-28
240,공중화장실(장애인),서울교통공사,6호선,봉화산, 서울특별시 중랑구 신내동 643-1 봉화산역 , 서울특별시 중랑구 신내동 6 ,37.699655,127.050087,지하,1,외부,2 또는3,지하 1층 대합실(고객상담실 옆), 02-6311-6471 , 05:00~24:00 ,역사 내 화장실, 수세식 ,N,1,,,,1,,,,,,1,1,,2022,2024-06-28
241,공중화장실(장애인),서울교통공사,7호선,장암, 경기도 의정부시 장암동 160-8 장암역 , 경기도 의정부시 장암동 16 ,37.69995657,127.0528183,지상,1,외부,1,1층 표 내는 곳 옆, 02-6311-7091 , 05:00~24:00 ,역사 내 화장실, 수세식 ,N,1,,,,1,,,,,,,,,2015,2024-06-28
242,공중화장실(장애인),서울교통공사,7호선,도봉산, 서울특별시 도봉구 도봉동 38-3 도봉산역 , 서울특별시 도봉구 도봉동 3 ,37.68963047,127.0464256,지상,1,외부, 1-1,지상1층 대합실 앞, 02-6311-7101 , 05:00~24:00 ,역사 내 화장실, 수세식 ,N,1,,,,1,,,,,,1,1,,2016,2024-06-28
243,공중화장실(장애인),서울교통공사,7호선,도봉산, 서울특별시 도봉구 도봉동 38-3 도봉산역 , 서울특별시 도봉구 도봉동 3 ,37.68963047,127.0464256,지상,1,내부,2,지상1층 환승통로 , 02-6311-7101 , 05:00~24:00 ,역사 내 화장실, 수세식 ,N,1,,,,1,,,,,,,,,2014,2024-06-28
244,공중화장실(장애인),서울교통공사,7호선,수락산, 서울특별시 노원구 상계동 1132-9 수락산역 , 서울특별시 노원구 상계동 1 ,37.665375,127.055425,지하,2,외부,5,대합실 지하2층 고객상담실 앞, 02-6311-7111 , 05:00~24:00 ,역사 내 화장실, 수세식 ,N,1,1,,,1,1,,,,,1,1,,2009,2024-06-28
245,공중화장실(장애인),서울교통공사,7호선,마들, 서울특별시 노원구 상계동 650 마들역 , 서울특별시 노원구 상계동 6 ,37.654527,127.058362,지하,2,외부,4 또는5,대합실 B2 에스컬레이터 앞 , 02-6311-7121 , 05:00~24:00 ,역사 내 화장실, 수세식 ,N,1,,,,1,,,,,,1,1,,2014,2024-06-28
246,공중화장실(장애인),서울교통공사,7호선,노원, 서울특별시 노원구 상계동 729-0 노원역(7호선) , 서울특별시 노원구 상계동 7 ,37.645494,127.061718,지하,2,외부,6,지하2층대합실 또는 가아이센터앞, 02-6311-7131 , 05:00~24:00 ,역사 내 화장실, 수세식 ,N,1,,,,1,,,,,,1,,, 2008이전 ,2024-06-28
247,공중화장실(장애인),서울교통공사,7호선,중계, 서울특별시 노원구 중계동 503-3 중계역 , 서울특별시 노원구 중계동 5 ,37.63595,127.066024,지하,1,외부,1,지하1층 1번출입구 옆, 02-6311-7141 , 05:00~24:00 ,역사 내 화장실, 수세식 ,N,1,1,,,1,1,,,,,1,1,,2014,2024-06-28
248,공중화장실(장애인),서울교통공사,7호선,하계, 서울특별시 노원구 하계동 273-5 하계역 , 서울특별시 노원구 하계동 2 ,37.625787,127.070705,지하,1,외부,4,지하1층 4번출입구, 02-6311-7151 , 05:00~24:00 ,역사 내 화장실, 수세식 ,N,1,,,,1,,,,,,1,1,,2009,2024-06-28
249,공중화장실(장애인),서울교통공사,7호선,공릉, 서울특별시 노원구 공릉동 385-4 공릉역 , 서울특별시 노원구 공릉동 3 ,37.62554276,127.0730336,지하,1,외부,1 또는2,지하1층 아이센터 앞, 02-6311-7161 , 05:00~24:00 ,역사 내 화장실, 수세식 ,N,1,1,1,,1,1,,,,,1,1,,2010,2024-06-28
250,공중화장실(장애인),서울교통공사,7호선,태릉입구, 서울특별시 노원구 공릉동 616-4 태릉입구역(6 또는 7호선) , 서울특별시 노원구 공릉동 6 ,37.61845951,127.0754053,지하,3,외부,2 또는3,대합실 지하3층 고객상담실 앞, 02-6311-7171 , 05:00~24:00 ,역사 내 화장실, 수세식 ,N,1,1,,,1,1,,,,,1,1,,2013,2024-06-28
251,공중화장실(장애인),서울교통공사,7호선,먹골, 서울특별시 중랑구 묵동 189-5 먹골역 , 서울특별시 중랑구 묵동 18 ,37.61078,127.075518,지하,1,외부,1 또는2,B1층 대합실, 02-6311-7181 , 05:00~24:00 ,역사 내 화장실, 수세식 ,N,1,1,,,1,1,,,,,1,1,,2014,2024-06-28
252,공중화장실(장애인),서울교통공사,7호선,중화, 서울특별시 중랑구 중화동 50-3 중화역 , 서울특별시 중랑구 중화동 5 ,37.602572,127.077096,지하,1,외부,2,B1층  2번출입구 방향, 02-6311-7191 , 05:00~24:00 ,역사 내 화장실, 수세식 ,N,1,1,,,1,1,,,,,1,1,,2009,2024-06-28
253,공중화장실(장애인),서울교통공사,7호선,상봉, 서울특별시 중랑구 상봉동 160-7 상봉역 , 서울특별시 중랑구 상봉동 1 ,37.595254,127.083664,지하,1,내부,1 또는2 또는5 또는6,B1층  1 또는2 또는5 또는6번출입구앞, 02-6311-7201 , 05:00~24:00 ,역사 내 화장실, 수세식 ,N,1,1,,,1,1,,,,,1,1,,2009,2024-06-28
254,공중화장실(장애인),서울교통공사,7호선,면목, 서울특별시 중랑구 면목동 282-6 면목역 , 서울특별시 중랑구 면목동 2 ,37.588745,127.085305,지하,1,외부,3, B1층 아이센터 앞, 02-6311-7211 , 05:00~24:00 ,역사 내 화장실, 수세식 ,N,1,1,,,1,1,,,,,1,1,,2009,2024-06-28
255,공중화장실(장애인),서울교통공사,7호선,사가정, 서울특별시 중랑구 면목동 495 사가정역 , 서울특별시 중랑구 면목동 4 ,37.580966,127.086314,지하,1,외부,1,B1층  1번출입구 앞, 02-6311-7221 , 05:00~24:00 ,역사 내 화장실, 수세식 ,N,1,,,,1,,,,,,1,1,,2009,2024-06-28
256,공중화장실(장애인),서울교통공사,7호선,용마산, 서울특별시 중랑구 면목동 1382-13 용마산역 , 서울특별시 중랑구 면목동 1 ,37.573793,127.084629,지하,1,외부,1,B1층  1번출입구 앞, 02-6311-7231 , 05:00~24:00 ,역사 내 화장실, 수세식 ,N,1,1,,,1,1,,,,,1,1,,2015,2024-06-28
257,공중화장실(장애인),서울교통공사,7호선,중곡, 서울특별시 광진구 중곡동 273-2 중곡역 , 서울특별시 광진구 중곡동 2 ,37.565535,127.081897,지하,2,외부,1 또는2 또는3,B2층  표 내는 곳 앞, 02-6311-7241 , 05:00~24:00 ,역사 내 화장실, 수세식 ,N,1,1,,,1,1,,,,,1,1,,2012,2024-06-28
258,공중화장실(장애인),서울교통공사,7호선,어린이대공원, 서울특별시 광진구 화양동 164-1 어린이대공원역 , 서울특별시 광진구 화양동 1 ,37.547905,127.072404,지하,2,외부,1 또는6,B2층  아이센터 옆, 02-6311-7261 , 05:00~24:00 ,역사 내 화장실, 수세식 ,N,1,1,,,1,1,,,,,1,1,,2009,2024-06-28
259,공중화장실(장애인),서울교통공사,7호선,건대입구, 서울특별시 광진구 화양동 6-3 건대입구역(7호선) , 서울특별시 광진구 화양동 6 ,37.540389,127.067047,지하,2,내부,3,B2층 표 내는 곳 옆, 02-6311-7271 , 05:00~24:00 ,역사 내 화장실, 수세식 ,N,1,1,,,1,1,,,,,1,1,,2013,2024-06-28
260,공중화장실(장애인),서울교통공사,7호선,뚝섬유원지, 서울특별시 광진구 자양동 73-2 뚝섬유원지역 , 서울특별시 광진구 자양동 7 ,37.531537,127.064502,지상,2,내부,1 또는4,지상2층 대합실, 02-6311-7281 , 05:00~24:00 ,역사 내 화장실, 수세식 ,N,1,,,,1,,,,,,,,, 2008이전 ,2024-06-28
261,공중화장실(장애인),서울교통공사,7호선,청담, 서울특별시 강남구 청담동 77-76 청담역 , 서울특별시 강남구 청담동 7 ,37.51912,127.049748,지하,3,외부,3 또는12,B3 대합실 나 I센터 옆, 02-6311-7291 , 05:00~24:00 ,역사 내 화장실, 수세식 ,N,1,,,,1,,,,,,,1,, 2008이전 ,2024-06-28
262,공중화장실(장애인),서울교통공사,7호선,강남구청, 서울특별시 강남구 삼성동 111-44 강남구청역 , 서울특별시 강남구 삼성동 1 ,37.517473,127.03898,지하,1,외부,1 또는4,B1층 대합실 가아이센터 맞은편, 02-6311-7301 , 05:00~24:00 ,역사 내 화장실, 수세식 ,N,1,,,,1,,,,,,1,1,,2024,2024-06-28
263,공중화장실(장애인),서울교통공사,7호선,학동, 서울특별시 강남구 논현동 279-67 학동역 , 서울특별시 강남구 논현동 2 ,37.515323,127.027744,지하,2,외부,1 또는2,B2 1 또는2번 출입구 계단 옆, 02-6311-7311 , 05:00~24:00 ,역사 내 화장실, 수세식 ,N,1,,,,1,,,,,,1,1,, 2008이전 ,2024-06-28
264,공중화장실(장애인),서울교통공사,7호선,논현, 서울특별시 강남구 논현동 280 논현역 , 서울특별시 강남구 논현동 2 ,37.511206,127.019539,지하,1,외부,7 또는8,대합실 1층 7 또는8번 출입구 근처, 02-6311-7321 , 05:00~24:00 ,역사 내 화장실, 수세식 ,N,1,,,,1,,,,,,1,1,, 2008이전 ,2024-06-28
265,공중화장실(장애인),서울교통공사,7호선,논현, 서울특별시 강남구 논현동 280 논현역 , 서울특별시 강남구 논현동 2 ,37.511206,127.019539,지하,2,외부,7 또는8,대합실 2층 왓슨스 매장 뒤편, 02-6311-7321 , 05:00~24:00 ,역사 내 화장실, 수세식 ,N,1,,,,1,,,,,,1,1,,2016,2024-06-28
266,공중화장실(장애인),서울교통공사,7호선,반포, 서울특별시 서초구 잠원동 103 반포역 , 서울특별시 서초구 잠원동 1 ,37.508213,127.009658,지하,2,외부,1 또는2 또는5 또는6,대합실 지하2층 계단 옆, 02-6311-7331 , 05:00~24:00 ,역사 내 화장실, 수세식 ,N,1,,,,1,,,,,,,1,, 2008이전 ,2024-06-28
267,공중화장실(장애인),서울교통공사,7호선,고속터미널, 서울특별시 서초구 반포동 19-11 고속터미널역(7호선) , 서울특별시 서초구 반포동 1 ,37.504914,127.002726,지하,1,외부,3,대합실 1층 3번출입구 왼쪽, 02-6311-7341 , 05:00~24:00 ,역사 내 화장실, 수세식 ,N,1,,,,1,,,,,,1,1,,2019,2024-06-28
268,공중화장실(장애인),서울교통공사,7호선,내방, 서울특별시 서초구 방배동 874-16 내방역 , 서울특별시 서초구 방배동 8 ,37.487707,126.991409,지하,1,외부,5 또는6 또는7 또는8,대합실 지하1층 5~8번출입구방면, 02-6311-7351 , 05:00~24:00 ,역사 내 화장실, 수세식 ,N,1,1,,,1,,,,,,,1,,2020,2024-06-28
269,공중화장실(장애인),서울교통공사,7호선,이수, 서울특별시 동작구 사당동 144-4 이수역 , 서울특별시 동작구 사당동 1 ,37.485936,126.979819,지하,1,외부,7 또는8,지하1층 연결통로, 02-6311-7361 , 05:00~24:00 ,역사 내 화장실, 수세식 ,N,1,,,,1,,,,,,,,,2024,2024-06-28
270,공중화장실(장애인),서울교통공사,7호선,이수, 서울특별시 동작구 사당동 144-4 이수역 , 서울특별시 동작구 사당동 1 ,37.485936,126.979819,지하,3,내부,7 또는8,지하3층 (가)표 내는 곳안쪽 상선 내부계단 옆, 02-6311-7361 , 05:00~24:00 ,역사 내 화장실, 수세식 ,N,1,,,,1,,,,,,1,1,, 2008이전 ,2024-06-28
271,공중화장실(장애인),서울교통공사,7호선,남성, 서울특별시 동작구 사당동 산 25-33 남성역 , 서울특별시 동작구 사당동 산 ,37.484876,126.968484,지하,2,내부,2 또는3,대합실 상선 내부계단 옆, 02-6311-7371 , 05:00~24:00 ,역사 내 화장실, 수세식 ,N,1,1,,,1,1,,,,,1,1,,2021,2024-06-28
272,공중화장실(장애인),서울교통공사,7호선,숭실대입구, 서울특별시 동작구 상도동 514 숭실대입구역 , 서울특별시 동작구 상도동 5 ,37.496374,126.951315,지하,2,외부,1 또는2 또는3 또는4,대합실2층, 02-6311-7381 , 05:00~24:00 ,역사 내 화장실, 수세식 ,N,1,1,,,1,,,,,,1,1,,2021,2024-06-28
273,공중화장실(장애인),서울교통공사,7호선,상도, 서울특별시 동작구 상도1동 702-1 상도역 , 서울특별시 동작구 상도1동  ,37.503072,126.945564,지하,2,외부,3 또는4 또는5,지하 2층 대합실 계단좌측, 02-6311-7391 , 05:00~24:00 ,역사 내 화장실, 수세식 ,N,1,1,,,1,1,,,,,1,1,,2020,2024-06-28
274,공중화장실(장애인),서울교통공사,7호선,장승배기, 서울특별시 동작구 상도동 26-20 장승배기역 , 서울특별시 동작구 상도동 2 ,37.504905,126.937002,지하,2,외부,5 또는6,지하2층 대합실 5 또는6번 출입구방향 내부계단 옆, 02-6311-7401 , 05:00~24:00 ,역사 내 화장실, 수세식 ,N,1,1,,,1,1,,,,,1,1,,2021,2024-06-28
275,공중화장실(장애인),서울교통공사,7호선,신대방삼거리, 서울특별시 동작구 대방동 406-10 신대방삼거리역 , 서울특별시 동작구 대방동 4 ,37.487519,126.911093,지하,2,외부,1 또는2,대합실 2층, 02-6311-7411 , 05:00~24:00 ,역사 내 화장실, 수세식 ,N,1,1,,,1,1,,,,,,,,2020,2024-06-28
276,공중화장실(장애인),서울교통공사,7호선,보라매, 서울특별시 동작구 대방동 466-51 보라매역 , 서울특별시 동작구 대방동 4 ,37.499929,126.918093,지하,1,외부,3,대합실 1층 3번출입구 방향, 02-6311-7421 , 05:00~24:00 ,역사 내 화장실, 수세식 ,N,1,,,1,1,1,,,,,,,, 2008이전 ,2024-06-28
277,공중화장실(장애인),서울교통공사,7호선,신풍, 서울특별시 영등포구 신길동 3599 신풍역 , 서울특별시 영등포구 신길동  ,37.50013,126.90678,지하,1,외부,5,대합실 1층 5번출입구방향, 02-6311-7431 , 05:00~24:00 ,역사 내 화장실, 수세식 ,N,1,,,,1,,,,,,,,, 2008이전 ,2024-06-28
278,공중화장실(장애인),서울교통공사,7호선,대림, 서울특별시 구로구 대림동 1050-17 대림역(7호선) , 서울특별시 구로구 대림동 1 ,37.492981,126.893984,지하,1,외부,9 또는10,대합실 1층, 02-6311-7441 , 05:00~24:00 ,역사 내 화장실, 수세식 ,N,1,1,,,1,1,,,,,1,1,,2021,2024-06-28
279,공중화장실(장애인),서울교통공사,7호선,남구로, 서울특별시 구로구 구로동 801-95 남구로역 , 서울특별시 구로구 구로동 8 ,37.486051,126.885062,지하,1,외부,2 또는3 또는4 또는5,대합실 1층 2~5번출입구 방향(ES 7 또는8호기 옆), 02-6311-7451 , 05:00~24:00 ,역사 내 화장실, 수세식 ,N,1,,,,1,,,,,,,,, 2008이전 ,2024-06-28
280,공중화장실(장애인),서울교통공사,7호선,가산디지털단지, 서울특별시 금천구 가산동 54-3 가산디지털단지역 , 서울특별시 금천구 가산동 5 ,37.48039597,126.8826618,지하,1,외부,4,대합실 1층 4번출입구 방향, 02-6311-7461 , 05:00~24:00 ,역사 내 화장실, 수세식 ,N,1,1,,,1,1,,,,,1,1,,2019,2024-06-28
281,공중화장실(장애인),서울교통공사,7호선,철산, 경기도 광명시 철산동 526 철산역 , 경기도 광명시 철산동 526 ,37.47619284,126.868211,지하,1,외부,3,대합실 1층 3번 출입구 방향, 02-6311-7471 , 05:00~24:00 ,역사 내 화장실, 수세식 ,N,1,1,,,1,1,,,,,1,1,,2019,2024-06-28
282,공중화장실(장애인),서울교통공사,7호선,광명사거리, 경기도 광명시 광명동 158-211 광명사거리역 , 경기도 광명시 광명동 158 ,37.479307,126.852486,지하,2,외부,4 또는5,대합실 2층 연결통로( 가-ⓘ센터와 나-ⓘ센터 중간지점), 02-6311-7481 , 05:00~24:00 ,역사 내 화장실, 수세식 ,N,1,,,,1,,,,,,,,, 2008이전 ,2024-06-28
283,공중화장실(장애인),서울교통공사,7호선,천왕, 서울특별시 구로구 오류동 174-6 천왕역 , 서울특별시 구로구 오류동 1 ,37.486686,126.836492,지하,1,외부,2,대합실 1층 2번 출입구 방향, 02-6311-7491 , 05:00~24:00 ,역사 내 화장실, 수세식 ,N,1,,,,1,,,,,,,,,2018,2024-06-28
284,공중화장실(장애인),서울교통공사,7호선,온수, 서울특별시 구로구 온수동 53-1 온수역(7호선) , 서울특별시 구로구 온수동 5 ,37.492151,126.821446,지하,1,외부,4,대합실 1층 4번출입구 방향, 02-6311-7551 , 05:00~24:00 ,역사 내 화장실, 수세식 ,N,1,1,,,1,1,,,,,1,1,,2021,2024-06-28
285,공중화장실,서울교통공사,8호선,암사역사공원역, 서울특별시 강동구 아리수로27길 2, 서울특별시 강동구 암사동 378 ,37.557155,127.13732,지하,1,외부,3,대합실 B1층 3번 출구 방향, 02-6311-8091, 05:00~24:00 ,역사 내 화장실, 수세식 ,N,1,1,,,1,1,,,,,1,1,,2024,2024-11-27
286,공중화장실(장애인),서울교통공사,8호선,암사, 서울특별시 강동구 암사동 501 암사역 , 서울특별시 강동구 암사동 5 ,37.550646,127.125659,지하,1,외부,2,대합실 B1층 2번 출입구 방향, 02-6311-8101 , 05:00~24:00 ,역사 내 화장실, 수세식 ,N,1,,,,1,,,,,,1,1,,2022,2024-06-28
287,공중화장실(장애인),서울교통공사,8호선,강동구청, 서울특별시 강동구 성내동 319 강동구청역 , 서울특별시 강동구 성내동 3 ,37.538374,127.115484,지하,2,외부,4 또는5,대합실 B2층 표 내는 곳 옆, 02-6311-8121 , 05:00~24:00 ,역사 내 화장실, 수세식 ,N,1,,,,1,,,,,,1,1,,2021,2024-06-28
288,공중화장실(장애인),서울교통공사,8호선,몽촌토성, 서울특별시 송파구 신천동 19 몽촌토성역 , 서울특별시 송파구 신천동 1 ,37.517641,127.110551,지하,1,외부,1 또는2 또는3,대합실 B1층 1 또는2 또는3번 출입구 방향, 02-6311-8131 , 05:00~24:00 ,역사 내 화장실, 수세식 ,N,1,1,,,1,,,,,,1,1,,2010,2024-06-28
289,공중화장실(장애인),서울교통공사,8호선,잠실, 서울특별시 송파구 잠실동 7-4 잠실역(8호선) , 서울특별시 송파구 잠실동 7 ,37.513152,127.101221,지하,1,외부,11,B1층 11번 출입구 옆, 02-6311-8141 , 05:00~24:00 ,역사 내 화장실, 수세식 ,N,1,1,,,1,1,,,,,1,1,,2014,2024-06-28
290,공중화장실(장애인),서울교통공사,8호선,석촌, 서울특별시 송파구 석촌동 209 석촌역 , 서울특별시 송파구 석촌동 2 ,37.50541412,127.1070041,지하,1,외부,7 또는8,대합실 B1층 표 내는 곳 옆, 02-6311-8151 , 05:00~24:00 ,역사 내 화장실, 수세식 ,N,1,,,,1,,,,,,1,1,,2009,2024-06-28
291,공중화장실(장애인),서울교통공사,8호선,송파, 서울특별시 송파구 가락동 459-4 송파역 , 서울특별시 송파구 가락동 4 ,37.49971495,127.1121935,지하,1,외부,1,대합실 B1층 1번출입구 방향, 02-6311-8161 , 05:00~24:00 ,역사 내 화장실, 수세식 ,N,1,1,,,1,1,,,,,1,1,,2015,2024-06-28
292,공중화장실(장애인),서울교통공사,8호선,가락시장, 서울특별시 송파구 가락동 184-23 가락시장역(3 또는 8호선) , 서울특별시 송파구 가락동 1 ,37.49309925,127.1182628,지하,1,외부, 2-1, B1층 대합실과 가락몰 연결통로 사이, 02-6311-8171 , 05:00~24:00 ,역사 내 화장실, 수세식 ,N,1,1,,,1,1,,,,,,,,2015,2024-06-28
293,공중화장실(장애인),서울교통공사,8호선,문정, 서울특별시 송파구 문정동 119-4 문정역 , 서울특별시 송파구 문정동 1 ,37.495002,127.103639,지하,1,외부,2,대합실 B1층 2번출입구 방향, 02-6311-8181 , 05:00~24:00 ,역사 내 화장실, 수세식 ,N,1,1,,,1,1,,,,,1,1,,2015,2024-06-28
294,공중화장실(장애인),서울교통공사,8호선,장지, 서울특별시 송파구 장지동 201-5 장지역 , 서울특별시 송파구 장지동 2 ,37.482299,127.124225,지하,1,외부,3 또는4,대합실 B1층 3 또는4번출입구 방면 , 02-6311-8191 , 05:00~24:00 ,역사 내 화장실, 수세식 ,N,1,,,,1,,,,,,,,,2009,2024-06-28
295,공중화장실(장애인),서울교통공사,8호선,복정, 서울특별시 송파구 장지동 596-21 복정역 , 서울특별시 송파구 장지동 5 ,37.47074187,127.126724,지하,1,외부,1,대합실 지하1층 아이센터 근처, 02-6311-8201 , 05:00~24:00 ,역사 내 화장실, 수세식 ,N,1,1,,,1,1,,,,,,1,,2015,2024-06-28
296,공중화장실(장애인),서울교통공사,8호선,남위례, 경기도 성남시 수정구 공원로 601 남위례역 , 경기도 성남시 수정구 복정동 ,37.46272308,127.139351,지상,2,외부,1,대합실 지상2층 주출입구 근처, 02-6311-8211 , 05:00~24:00 ,역사 내 화장실, 수세식 ,N,1,1,,,1,1,,,,,1,1,,2021,2024-06-28
297,공중화장실(장애인),서울교통공사,8호선,산성, 경기도 성남시 수정구 신흥동 7-4 산성역 , 경기도 성남시 수정구 신흥동 ,37.470375,127.11793,지하,1,외부,1 또는2,B1층 1 또는2번 출입구 계단 오른쪽, 02-6311-8211 , 05:00~24:00 ,역사 내 화장실, 수세식 ,N,1,1,,,1,1,,,,,,1,,2013,2024-06-28
298,공중화장실(장애인),서울교통공사,8호선,남한산성입구, 경기도 성남시 수정구 단대동 96 남한산성입구역 , 경기도 성남시 수정구 단대동 ,37.451541,127.157632,지하,2,외부,1 또는2,대합실 지하2층 에스컬레이터 근처, 02-6311-8221 , 05:00~24:00 ,역사 내 화장실, 수세식 ,N,1,,,,1,,,,,,1,1,,2009,2024-06-28
299,공중화장실(장애인),서울교통공사,8호선,단대오거리, 경기도 성남시 수정구 신흥동 2467 단대오거리역 , 경기도 성남시 수정구 신흥동 ,37.445163,127.154033,지하,1,외부,6 또는7,대합실 지하1층 2호기EL 옆, 02-6311-8231 , 05:00~24:00 ,역사 내 화장실, 수세식 ,N,1,1,,,1,1,,,,,1,1,,2009,2024-06-28
300,공중화장실(장애인),서울교통공사,8호선,신흥, 경기도 성남시 수정구 신흥동 2467 신흥역 , 경기도 성남시 수정구 신흥동 ,37.440749,127.144161,지하,1,외부,1 또는2,B1층 대합실 1 또는2번 출입구방면, 02-6311-8241 , 05:00~24:00 ,역사 내 화장실, 수세식 ,N,1,,,,1,,,,,,1,1,, 2008이전 ,2024-06-28
301,공중화장실(장애인),서울교통공사,8호선,수진, 경기도 성남시 수정구 수진동 2205-1 수진역 , 경기도 성남시 수정구 수진동 ,37.437611,127.138831,지하,1,외부,1 또는2,대합실 지하1층 편의점 옆, 02-6311-8251 , 05:00~24:00 ,역사 내 화장실, 수세식 ,N,1,,,,1,,,,,,,1,,2012,2024-06-28
302,공중화장실(장애인),서울교통공사,8호선,모란, 경기도 성남시 수정구 수진동 4808 모란역 , 경기도 성남시 수정구 수진동 ,37.433072,127.127123,지하,2,외부,10 또는11,B2층 대합실 상행 ES 옆, 02-6311-8261 , 05:00~24:00 ,역사 내 화장실, 수세식 ,N,1,,,,1,,,,,,,1,,2013,2024-06-28
